Benchmark,Reclamation Scheme,Operation,Memory Before (KB),Memory After (KB),Memory Change (KB)
lockfree_list,none,insert,388799729664 KB,388799729664 KB,0 KB
lockfree_list,none,insert,388799729664 KB,388799729664 KB,0 KB
lockfree_list,none,insert,388799729664 KB,388799729664 KB,0 KB
lockfree_list,none,insert,388799729664 KB,388799729664 KB,0 KB
lockfree_list,none,insert,388799729664 KB,388799729664 KB,0 KB
lockfree_list,none,insert,388799729664 KB,388799729664 KB,0 KB
lockfree_list,none,insert,388799729664 KB,388799729664 KB,0 KB
lockfree_list,none,insert,388799729664 KB,388799729664 KB,0 KB
lockfree_list,none,insert,388799729664 KB,388799729664 KB,0 KB
lockfree_list,none,insert,388799729664 KB,388799729664 KB,0 KB
lockfree_list,none,insert,388799729664 KB,388799729664 KB,0 KB
lockfree_list,none,insert,388799729664 KB,388799729664 KB,0 KB
lockfree_list,none,insert,388799729664 KB,388799729664 KB,0 KB
lockfree_list,none,insert,388799729664 KB,388799729664 KB,0 KB
lockfree_list,none,insert,388799729664 KB,388799729664 KB,0 KB
lockfree_list,none,insert,388799729664 KB,388799729664 KB,0 KB
lockfree_list,none,insert,388799729664 KB,388799729664 KB,0 KB
lockfree_list,none,insert,388799729664 KB,388799729664 KB,0 KB
lockfree_list,none,insert,388799729664 KB,388799729664 KB,0 KB
lockfree_list,none,insert,388799729664 KB,388799729664 KB,0 KB
lockfree_list,none,insert,388799729664 KB,388799987712 KB,258048 KB
lockfree_list,none,insert,388799987712 KB,388799987712 KB,0 KB
lockfree_list,none,insert,388799987712 KB,388799758336 KB,-229376 KB
lockfree_list,none,insert,388799758336 KB,388799070208 KB,-688128 KB
lockfree_list,none,insert,388799070208 KB,388797325312 KB,-1744896 KB
lockfree_list,none,insert,388797325312 KB,388796493824 KB,-831488 KB
lockfree_list,none,insert,388796493824 KB,388796493824 KB,0 KB
lockfree_list,none,insert,388796493824 KB,388796493824 KB,0 KB
lockfree_list,none,insert,388796493824 KB,388796235776 KB,-258048 KB
lockfree_list,none,insert,388796235776 KB,388796493824 KB,258048 KB
lockfree_list,none,insert,388796493824 KB,388795838464 KB,-655360 KB
lockfree_list,none,insert,388795838464 KB,388796096512 KB,258048 KB
lockfree_list,none,insert,388796096512 KB,388799508480 KB,3411968 KB
lockfree_list,none,insert,388799508480 KB,388811186176 KB,11677696 KB
lockfree_list,none,insert,388811186176 KB,388811186176 KB,0 KB
lockfree_list,none,insert,388811186176 KB,388811444224 KB,258048 KB
lockfree_list,none,insert,388811444224 KB,388811444224 KB,0 KB
lockfree_list,none,insert,388811444224 KB,388813778944 KB,2334720 KB
lockfree_list,none,insert,388813778944 KB,388813778944 KB,0 KB
lockfree_list,none,insert,388813778944 KB,388813778944 KB,0 KB
lockfree_list,none,insert,388813778944 KB,388813778944 KB,0 KB
lockfree_list,none,insert,388813778944 KB,388813778944 KB,0 KB
lockfree_list,none,insert,388813778944 KB,388813778944 KB,0 KB
lockfree_list,none,insert,388813778944 KB,388814090240 KB,311296 KB
lockfree_list,none,insert,388814090240 KB,388814090240 KB,0 KB
lockfree_list,none,insert,388814090240 KB,388814090240 KB,0 KB
lockfree_list,none,insert,388814090240 KB,388814864384 KB,774144 KB
lockfree_list,none,insert,388814864384 KB,388814864384 KB,0 KB
lockfree_list,none,insert,388814864384 KB,388816416768 KB,1552384 KB
lockfree_list,none,insert,388816416768 KB,388817244160 KB,827392 KB
lockfree_list,none,insert,388817244160 KB,388817760256 KB,516096 KB
lockfree_list,none,insert,388817760256 KB,388818018304 KB,258048 KB
lockfree_list,none,insert,388818018304 KB,388820176896 KB,2158592 KB
lockfree_list,none,insert,388820176896 KB,388821209088 KB,1032192 KB
lockfree_list,none,insert,388821209088 KB,388821725184 KB,516096 KB
lockfree_list,none,insert,388821725184 KB,388821475328 KB,-249856 KB
lockfree_list,none,insert,388821475328 KB,388821475328 KB,0 KB
lockfree_list,none,insert,388821475328 KB,388821475328 KB,0 KB
lockfree_list,none,insert,388821475328 KB,388821475328 KB,0 KB
lockfree_list,none,insert,388821475328 KB,388821475328 KB,0 KB
lockfree_list,none,insert,388821475328 KB,388821475328 KB,0 KB
lockfree_list,none,insert,388821475328 KB,388821475328 KB,0 KB
lockfree_list,none,insert,388821475328 KB,388822007808 KB,532480 KB
lockfree_list,none,insert,388822007808 KB,388822007808 KB,0 KB
lockfree_list,none,insert,388822007808 KB,388822007808 KB,0 KB
lockfree_list,none,insert,388822007808 KB,388822007808 KB,0 KB
lockfree_list,none,insert,388822007808 KB,388822007808 KB,0 KB
lockfree_list,none,insert,388822007808 KB,388822007808 KB,0 KB
lockfree_list,none,insert,388822007808 KB,388822007808 KB,0 KB
lockfree_list,none,insert,388822007808 KB,388822007808 KB,0 KB
lockfree_list,none,insert,388822007808 KB,388822007808 KB,0 KB
lockfree_list,none,insert,388822007808 KB,388823560192 KB,1552384 KB
lockfree_list,none,insert,388823560192 KB,388823560192 KB,0 KB
lockfree_list,none,insert,388823560192 KB,388824080384 KB,520192 KB
lockfree_list,none,insert,388824080384 KB,388823072768 KB,-1007616 KB
lockfree_list,none,insert,388823072768 KB,388821594112 KB,-1478656 KB
lockfree_list,none,insert,388821594112 KB,388821090304 KB,-503808 KB
lockfree_list,none,insert,388821090304 KB,388821381120 KB,290816 KB
lockfree_list,none,insert,388821381120 KB,388821639168 KB,258048 KB
lockfree_list,none,insert,388821639168 KB,388822671360 KB,1032192 KB
lockfree_list,none,insert,388822671360 KB,388824813568 KB,2142208 KB
lockfree_list,none,insert,388824813568 KB,388826943488 KB,2129920 KB
lockfree_list,none,insert,388826943488 KB,388827717632 KB,774144 KB
lockfree_list,none,insert,388827717632 KB,388827717632 KB,0 KB
lockfree_list,none,insert,388827717632 KB,388828749824 KB,1032192 KB
lockfree_list,none,insert,388828749824 KB,388829523968 KB,774144 KB
lockfree_list,none,insert,388829523968 KB,388830388224 KB,864256 KB
lockfree_list,none,insert,388830388224 KB,388831162368 KB,774144 KB
lockfree_list,none,insert,388831162368 KB,388831694848 KB,532480 KB
lockfree_list,none,insert,388831694848 KB,388831694848 KB,0 KB
lockfree_list,none,insert,388831694848 KB,388831961088 KB,266240 KB
lockfree_list,none,insert,388831961088 KB,388832219136 KB,258048 KB
lockfree_list,none,insert,388832219136 KB,388832477184 KB,258048 KB
lockfree_list,none,insert,388832477184 KB,388832735232 KB,258048 KB
lockfree_list,none,insert,388832735232 KB,388832735232 KB,0 KB
lockfree_list,none,insert,388832735232 KB,388834283520 KB,1548288 KB
lockfree_list,none,insert,388834283520 KB,388835106816 KB,823296 KB
lockfree_list,none,insert,388835106816 KB,388835622912 KB,516096 KB
lockfree_list,none,insert,388835622912 KB,388836044800 KB,421888 KB
lockfree_list,none,insert,388836044800 KB,388836044800 KB,0 KB
lockfree_list,none,insert,388836044800 KB,388836044800 KB,0 KB
lockfree_list,none,insert,388836044800 KB,388836601856 KB,557056 KB
lockfree_list,none,insert,388836601856 KB,388836868096 KB,266240 KB
lockfree_list,none,insert,388836868096 KB,388839063552 KB,2195456 KB
lockfree_list,none,insert,388839063552 KB,388838551552 KB,-512000 KB
lockfree_list,none,insert,388838551552 KB,388838555648 KB,4096 KB
lockfree_list,none,insert,388838555648 KB,388838813696 KB,258048 KB
lockfree_list,none,insert,388838813696 KB,388838813696 KB,0 KB
lockfree_list,none,insert,388838813696 KB,388838813696 KB,0 KB
lockfree_list,none,insert,388838813696 KB,388838555648 KB,-258048 KB
lockfree_list,none,insert,388838555648 KB,388839895040 KB,1339392 KB
lockfree_list,none,insert,388839895040 KB,388841443328 KB,1548288 KB
lockfree_list,none,insert,388841443328 KB,388841701376 KB,258048 KB
lockfree_list,none,insert,388841701376 KB,388841717760 KB,16384 KB
lockfree_list,none,insert,388841717760 KB,388842233856 KB,516096 KB
lockfree_list,none,insert,388842233856 KB,388842491904 KB,258048 KB
lockfree_list,none,insert,388842491904 KB,388842516480 KB,24576 KB
lockfree_list,none,insert,388842516480 KB,388842516480 KB,0 KB
lockfree_list,none,insert,388842516480 KB,388843053056 KB,536576 KB
lockfree_list,none,insert,388843053056 KB,388843069440 KB,16384 KB
lockfree_list,none,insert,388843069440 KB,388843069440 KB,0 KB
lockfree_list,none,insert,388843069440 KB,388843069440 KB,0 KB
lockfree_list,none,insert,388843069440 KB,388844101632 KB,1032192 KB
lockfree_list,none,insert,388844101632 KB,388844875776 KB,774144 KB
lockfree_list,none,insert,388844875776 KB,388845391872 KB,516096 KB
lockfree_list,none,insert,388845391872 KB,388845649920 KB,258048 KB
lockfree_list,none,insert,388845649920 KB,388845649920 KB,0 KB
lockfree_list,none,insert,388845649920 KB,388845391872 KB,-258048 KB
lockfree_list,none,insert,388845391872 KB,388845391872 KB,0 KB
lockfree_list,none,insert,388845391872 KB,388845146112 KB,-245760 KB
lockfree_list,none,insert,388845146112 KB,388845146112 KB,0 KB
lockfree_list,none,insert,388845146112 KB,388845146112 KB,0 KB
lockfree_list,none,insert,388845146112 KB,388845146112 KB,0 KB
lockfree_list,none,insert,388845146112 KB,388846694400 KB,1548288 KB
lockfree_list,none,remove,388834729984 KB,388834729984 KB,0 KB
lockfree_list,none,remove,388834729984 KB,388834729984 KB,0 KB
lockfree_list,none,remove,388834729984 KB,388834729984 KB,0 KB
lockfree_list,none,remove,388834729984 KB,388834729984 KB,0 KB
lockfree_list,none,remove,388834729984 KB,388834729984 KB,0 KB
lockfree_list,none,remove,388834729984 KB,388834729984 KB,0 KB
lockfree_list,none,remove,388834729984 KB,388834729984 KB,0 KB
lockfree_list,none,remove,388834729984 KB,388834729984 KB,0 KB
lockfree_list,none,remove,388834729984 KB,388834729984 KB,0 KB
lockfree_list,none,remove,388834729984 KB,388834729984 KB,0 KB
lockfree_list,none,remove,388834729984 KB,388834729984 KB,0 KB
lockfree_list,none,remove,388834729984 KB,388834729984 KB,0 KB
lockfree_list,none,remove,388834729984 KB,388834729984 KB,0 KB
lockfree_list,none,remove,388834729984 KB,388834729984 KB,0 KB
lockfree_list,none,remove,388834729984 KB,388834729984 KB,0 KB
lockfree_list,none,remove,388834729984 KB,388834729984 KB,0 KB
lockfree_list,none,remove,388834729984 KB,388834729984 KB,0 KB
lockfree_list,none,remove,388834729984 KB,388834791424 KB,61440 KB
lockfree_list,none,remove,388834791424 KB,388834791424 KB,0 KB
lockfree_list,none,remove,388834791424 KB,388834791424 KB,0 KB
lockfree_list,none,remove,388834791424 KB,388834553856 KB,-237568 KB
lockfree_list,none,remove,388834553856 KB,388834553856 KB,0 KB
lockfree_list,none,remove,388834086912 KB,388834086912 KB,0 KB
lockfree_list,none,remove,388834086912 KB,388834103296 KB,16384 KB
lockfree_list,none,remove,388834103296 KB,388834103296 KB,0 KB
lockfree_list,none,remove,388834103296 KB,388834119680 KB,16384 KB
lockfree_list,none,remove,388834119680 KB,388833955840 KB,-163840 KB
lockfree_list,none,remove,388833955840 KB,388833955840 KB,0 KB
lockfree_list,none,remove,388833955840 KB,388833955840 KB,0 KB
lockfree_list,none,remove,388833955840 KB,388833710080 KB,-245760 KB
lockfree_list,none,remove,388833710080 KB,388833710080 KB,0 KB
lockfree_list,none,remove,388833710080 KB,388836544512 KB,2834432 KB
lockfree_list,none,remove,388836544512 KB,388838113280 KB,1568768 KB
lockfree_list,none,remove,388838113280 KB,388847149056 KB,9035776 KB
lockfree_list,none,remove,388847149056 KB,388847149056 KB,0 KB
lockfree_list,none,remove,388847149056 KB,388847149056 KB,0 KB
lockfree_list,none,remove,388847149056 KB,388847149056 KB,0 KB
lockfree_list,none,remove,388847149056 KB,388847149056 KB,0 KB
lockfree_list,none,remove,388847149056 KB,388847149056 KB,0 KB
lockfree_list,none,remove,388847149056 KB,388847149056 KB,0 KB
lockfree_list,none,remove,388847149056 KB,388847149056 KB,0 KB
lockfree_list,none,remove,388847149056 KB,388847149056 KB,0 KB
lockfree_list,none,remove,388847149056 KB,388847149056 KB,0 KB
lockfree_list,none,remove,388847149056 KB,388847149056 KB,0 KB
lockfree_list,none,remove,388847149056 KB,388847149056 KB,0 KB
lockfree_list,none,remove,388847149056 KB,388847149056 KB,0 KB
lockfree_list,none,remove,388847149056 KB,388847427584 KB,278528 KB
lockfree_list,none,remove,388847427584 KB,388847689728 KB,262144 KB
lockfree_list,none,remove,388847689728 KB,388848205824 KB,516096 KB
lockfree_list,none,remove,388848205824 KB,388848205824 KB,0 KB
lockfree_list,none,remove,388848205824 KB,388848205824 KB,0 KB
lockfree_list,none,remove,388848205824 KB,388848205824 KB,0 KB
lockfree_list,none,remove,388848205824 KB,388848205824 KB,0 KB
lockfree_list,none,remove,388848205824 KB,388848205824 KB,0 KB
lockfree_list,none,remove,388848205824 KB,388848205824 KB,0 KB
lockfree_list,none,remove,388848205824 KB,388848205824 KB,0 KB
lockfree_list,none,remove,388848205824 KB,388848205824 KB,0 KB
lockfree_list,none,remove,388848205824 KB,388848205824 KB,0 KB
lockfree_list,none,remove,388848205824 KB,388848205824 KB,0 KB
lockfree_list,none,remove,388848205824 KB,388848205824 KB,0 KB
lockfree_list,none,remove,388848205824 KB,388848205824 KB,0 KB
lockfree_list,none,remove,388848205824 KB,388848463872 KB,258048 KB
lockfree_list,none,remove,388848463872 KB,388848463872 KB,0 KB
lockfree_list,none,remove,388848463872 KB,388848832512 KB,368640 KB
lockfree_list,none,remove,388848832512 KB,388848832512 KB,0 KB
lockfree_list,none,remove,388848832512 KB,388849090560 KB,258048 KB
lockfree_list,none,remove,388849090560 KB,388849090560 KB,0 KB
lockfree_list,none,remove,388849090560 KB,388850475008 KB,1384448 KB
lockfree_list,none,remove,388850475008 KB,388850597888 KB,122880 KB
lockfree_list,none,remove,388850597888 KB,388850597888 KB,0 KB
lockfree_list,none,remove,388850597888 KB,388850597888 KB,0 KB
lockfree_list,none,remove,388850597888 KB,388850597888 KB,0 KB
lockfree_list,none,remove,388850597888 KB,388850597888 KB,0 KB
lockfree_list,none,remove,388850597888 KB,388850597888 KB,0 KB
lockfree_list,none,remove,388850597888 KB,388850597888 KB,0 KB
lockfree_list,none,remove,388850597888 KB,388850597888 KB,0 KB
lockfree_list,none,remove,388850597888 KB,388850352128 KB,-245760 KB
lockfree_list,none,remove,388850352128 KB,388850352128 KB,0 KB
lockfree_list,none,remove,388850352128 KB,388850610176 KB,258048 KB
lockfree_list,none,remove,388850610176 KB,388850364416 KB,-245760 KB
lockfree_list,none,remove,388850364416 KB,388850364416 KB,0 KB
lockfree_list,none,remove,388850364416 KB,388850364416 KB,0 KB
lockfree_list,none,remove,388850364416 KB,388850364416 KB,0 KB
lockfree_list,none,remove,388850364416 KB,388850364416 KB,0 KB
lockfree_list,none,remove,388850364416 KB,388850364416 KB,0 KB
lockfree_list,none,remove,388850364416 KB,388850364416 KB,0 KB
lockfree_list,none,remove,388850364416 KB,388850364416 KB,0 KB
lockfree_list,none,remove,388850364416 KB,388851138560 KB,774144 KB
lockfree_list,none,remove,388851138560 KB,388851396608 KB,258048 KB
lockfree_list,none,remove,388851396608 KB,388852170752 KB,774144 KB
lockfree_list,none,remove,388852170752 KB,388852170752 KB,0 KB
lockfree_list,none,remove,388852170752 KB,388852170752 KB,0 KB
lockfree_list,none,remove,388852170752 KB,388852170752 KB,0 KB
lockfree_list,none,remove,388852170752 KB,388852170752 KB,0 KB
lockfree_list,none,remove,388852170752 KB,388852428800 KB,258048 KB
lockfree_list,none,remove,388852428800 KB,388852428800 KB,0 KB
lockfree_list,none,remove,388852428800 KB,388852428800 KB,0 KB
lockfree_list,none,remove,388852428800 KB,388853223424 KB,794624 KB
lockfree_list,none,remove,388853223424 KB,388853223424 KB,0 KB
lockfree_list,none,remove,388853223424 KB,388853223424 KB,0 KB
lockfree_list,none,remove,388853223424 KB,388853223424 KB,0 KB
lockfree_list,none,remove,388853223424 KB,388853223424 KB,0 KB
lockfree_list,none,remove,388853223424 KB,388853481472 KB,258048 KB
lockfree_list,none,remove,388853481472 KB,388853997568 KB,516096 KB
lockfree_list,none,remove,388853997568 KB,388854513664 KB,516096 KB
lockfree_list,none,remove,388854513664 KB,388855029760 KB,516096 KB
lockfree_list,none,remove,388855029760 KB,388855029760 KB,0 KB
lockfree_list,none,remove,388855029760 KB,388855029760 KB,0 KB
lockfree_list,none,remove,388855029760 KB,388855029760 KB,0 KB
lockfree_list,none,remove,388855029760 KB,388855308288 KB,278528 KB
lockfree_list,none,remove,388855308288 KB,388855308288 KB,0 KB
lockfree_list,none,remove,388855308288 KB,388855062528 KB,-245760 KB
lockfree_list,none,remove,388855062528 KB,388855062528 KB,0 KB
lockfree_list,none,remove,388855062528 KB,388854804480 KB,-258048 KB
lockfree_list,none,remove,388854804480 KB,388855320576 KB,516096 KB
lockfree_list,none,remove,388855320576 KB,388856094720 KB,774144 KB
lockfree_list,none,remove,388856094720 KB,388856868864 KB,774144 KB
lockfree_list,none,remove,388856868864 KB,388858159104 KB,1290240 KB
lockfree_list,none,remove,388858159104 KB,388859854848 KB,1695744 KB
lockfree_list,none,remove,388859854848 KB,388860112896 KB,258048 KB
lockfree_list,none,remove,388860112896 KB,388860112896 KB,0 KB
lockfree_list,none,remove,388860112896 KB,388860628992 KB,516096 KB
lockfree_list,none,remove,388860628992 KB,388860628992 KB,0 KB
lockfree_list,none,remove,388860628992 KB,388860628992 KB,0 KB
lockfree_list,none,remove,388860628992 KB,388860628992 KB,0 KB
lockfree_list,none,remove,388860628992 KB,388860628992 KB,0 KB
lockfree_list,none,remove,388860628992 KB,388860370944 KB,-258048 KB
lockfree_list,none,remove,388860370944 KB,388860628992 KB,258048 KB
lockfree_list,none,remove,388860628992 KB,388861661184 KB,1032192 KB
lockfree_list,none,remove,388861661184 KB,388862976000 KB,1314816 KB
lockfree_list,none,remove,388862976000 KB,388863234048 KB,258048 KB
lockfree_list,none,remove,388863234048 KB,388862976000 KB,-258048 KB
lockfree_list,none,remove,388862976000 KB,388862730240 KB,-245760 KB
lockfree_list,none,remove,388862730240 KB,388863008768 KB,278528 KB
lockfree_list,ref_counting,insert,388854185984 KB,388854185984 KB,0 KB
lockfree_list,ref_counting,insert,388854185984 KB,388854185984 KB,0 KB
lockfree_list,ref_counting,insert,388854185984 KB,388854185984 KB,0 KB
lockfree_list,ref_counting,insert,388854185984 KB,388854185984 KB,0 KB
lockfree_list,ref_counting,insert,388854185984 KB,388854185984 KB,0 KB
lockfree_list,ref_counting,insert,388854185984 KB,388854185984 KB,0 KB
lockfree_list,ref_counting,insert,388854185984 KB,388854185984 KB,0 KB
lockfree_list,ref_counting,insert,388854185984 KB,388854185984 KB,0 KB
lockfree_list,ref_counting,insert,388854185984 KB,388854185984 KB,0 KB
lockfree_list,ref_counting,insert,388854185984 KB,388854185984 KB,0 KB
lockfree_list,ref_counting,insert,388854185984 KB,388854185984 KB,0 KB
lockfree_list,ref_counting,insert,388854185984 KB,388854185984 KB,0 KB
lockfree_list,ref_counting,insert,388854185984 KB,388854185984 KB,0 KB
lockfree_list,ref_counting,insert,388854185984 KB,388854185984 KB,0 KB
lockfree_list,ref_counting,insert,388854185984 KB,388854185984 KB,0 KB
lockfree_list,ref_counting,insert,388854185984 KB,388854185984 KB,0 KB
lockfree_list,ref_counting,insert,388854185984 KB,388854185984 KB,0 KB
lockfree_list,ref_counting,insert,388854185984 KB,388854185984 KB,0 KB
lockfree_list,ref_counting,insert,388854185984 KB,388854185984 KB,0 KB
lockfree_list,ref_counting,insert,388854185984 KB,388854185984 KB,0 KB
lockfree_list,ref_counting,insert,388854185984 KB,388854185984 KB,0 KB
lockfree_list,ref_counting,insert,388854185984 KB,388854185984 KB,0 KB
lockfree_list,ref_counting,insert,388854185984 KB,388854185984 KB,0 KB
lockfree_list,ref_counting,insert,388854185984 KB,388854185984 KB,0 KB
lockfree_list,ref_counting,insert,388854185984 KB,388854190080 KB,4096 KB
lockfree_list,ref_counting,insert,388854190080 KB,388854226944 KB,36864 KB
lockfree_list,ref_counting,insert,388854226944 KB,388854226944 KB,0 KB
lockfree_list,ref_counting,insert,388854226944 KB,388854226944 KB,0 KB
lockfree_list,ref_counting,insert,388854226944 KB,388854226944 KB,0 KB
lockfree_list,ref_counting,insert,388854226944 KB,388854226944 KB,0 KB
lockfree_list,ref_counting,insert,388854226944 KB,388854800384 KB,573440 KB
lockfree_list,ref_counting,insert,388854800384 KB,388855070720 KB,270336 KB
lockfree_list,ref_counting,insert,388855070720 KB,388857839616 KB,2768896 KB
lockfree_list,ref_counting,insert,388857839616 KB,388862976000 KB,5136384 KB
lockfree_list,ref_counting,insert,388862976000 KB,388862976000 KB,0 KB
lockfree_list,ref_counting,insert,388862976000 KB,388863795200 KB,819200 KB
lockfree_list,ref_counting,insert,388863795200 KB,388863795200 KB,0 KB
lockfree_list,ref_counting,insert,388863795200 KB,388863795200 KB,0 KB
lockfree_list,ref_counting,insert,388863795200 KB,388863795200 KB,0 KB
lockfree_list,ref_counting,insert,388863795200 KB,388863795200 KB,0 KB
lockfree_list,ref_counting,insert,388863795200 KB,388863795200 KB,0 KB
lockfree_list,ref_counting,insert,388863795200 KB,388863795200 KB,0 KB
lockfree_list,ref_counting,insert,388863795200 KB,388864053248 KB,258048 KB
lockfree_list,ref_counting,insert,388864053248 KB,388864569344 KB,516096 KB
lockfree_list,ref_counting,insert,388864569344 KB,388865085440 KB,516096 KB
lockfree_list,ref_counting,insert,388865085440 KB,388865343488 KB,258048 KB
lockfree_list,ref_counting,insert,388865343488 KB,388865601536 KB,258048 KB
lockfree_list,ref_counting,insert,388865601536 KB,388865601536 KB,0 KB
lockfree_list,ref_counting,insert,388865601536 KB,388865601536 KB,0 KB
lockfree_list,ref_counting,insert,388865601536 KB,388865601536 KB,0 KB
lockfree_list,ref_counting,insert,388865601536 KB,388865601536 KB,0 KB
lockfree_list,ref_counting,insert,388865601536 KB,388865601536 KB,0 KB
lockfree_list,ref_counting,insert,388865601536 KB,388865859584 KB,258048 KB
lockfree_list,ref_counting,insert,388865859584 KB,388865859584 KB,0 KB
lockfree_list,ref_counting,insert,388865859584 KB,388871819264 KB,5959680 KB
lockfree_list,ref_counting,insert,388871819264 KB,388871819264 KB,0 KB
lockfree_list,ref_counting,insert,388871819264 KB,388871819264 KB,0 KB
lockfree_list,ref_counting,insert,388871819264 KB,388871831552 KB,12288 KB
lockfree_list,ref_counting,insert,388871831552 KB,388871831552 KB,0 KB
lockfree_list,ref_counting,insert,388871831552 KB,388871831552 KB,0 KB
lockfree_list,ref_counting,insert,388871831552 KB,388871831552 KB,0 KB
lockfree_list,ref_counting,insert,388871831552 KB,388871831552 KB,0 KB
lockfree_list,ref_counting,insert,388871831552 KB,388871831552 KB,0 KB
lockfree_list,ref_counting,insert,388871831552 KB,388871831552 KB,0 KB
lockfree_list,ref_counting,insert,388871831552 KB,388871831552 KB,0 KB
lockfree_list,ref_counting,insert,388871831552 KB,388872110080 KB,278528 KB
lockfree_list,ref_counting,insert,388872110080 KB,388872110080 KB,0 KB
lockfree_list,ref_counting,insert,388872110080 KB,388872110080 KB,0 KB
lockfree_list,ref_counting,insert,388872110080 KB,388872110080 KB,0 KB
lockfree_list,ref_counting,insert,388872110080 KB,388872110080 KB,0 KB
lockfree_list,ref_counting,insert,388872110080 KB,388872110080 KB,0 KB
lockfree_list,ref_counting,insert,388872110080 KB,388872110080 KB,0 KB
lockfree_list,ref_counting,insert,388872110080 KB,388871872512 KB,-237568 KB
lockfree_list,ref_counting,insert,388871872512 KB,388871872512 KB,0 KB
lockfree_list,ref_counting,insert,388871872512 KB,388872130560 KB,258048 KB
lockfree_list,ref_counting,insert,388872130560 KB,388872130560 KB,0 KB
lockfree_list,ref_counting,insert,388872130560 KB,388872388608 KB,258048 KB
lockfree_list,ref_counting,insert,388872388608 KB,388873162752 KB,774144 KB
lockfree_list,ref_counting,insert,388873162752 KB,388873162752 KB,0 KB
lockfree_list,ref_counting,insert,388873162752 KB,388873936896 KB,774144 KB
lockfree_list,ref_counting,insert,388873936896 KB,388873936896 KB,0 KB
lockfree_list,ref_counting,insert,388873936896 KB,388873936896 KB,0 KB
lockfree_list,ref_counting,insert,388873936896 KB,388873936896 KB,0 KB
lockfree_list,ref_counting,insert,388873936896 KB,388873936896 KB,0 KB
lockfree_list,ref_counting,insert,388873936896 KB,388873936896 KB,0 KB
lockfree_list,ref_counting,insert,388873936896 KB,388873936896 KB,0 KB
lockfree_list,ref_counting,insert,388873936896 KB,388873678848 KB,-258048 KB
lockfree_list,ref_counting,insert,388873678848 KB,388873678848 KB,0 KB
lockfree_list,ref_counting,insert,388873678848 KB,388873433088 KB,-245760 KB
lockfree_list,ref_counting,insert,388873433088 KB,388873433088 KB,0 KB
lockfree_list,ref_counting,insert,388873433088 KB,388873433088 KB,0 KB
lockfree_list,ref_counting,insert,388873433088 KB,388873433088 KB,0 KB
lockfree_list,ref_counting,insert,388873433088 KB,388873691136 KB,258048 KB
lockfree_list,ref_counting,insert,388873691136 KB,388873691136 KB,0 KB
lockfree_list,ref_counting,insert,388873691136 KB,388873691136 KB,0 KB
lockfree_list,ref_counting,insert,388873691136 KB,388874723328 KB,1032192 KB
lockfree_list,ref_counting,insert,388874723328 KB,388875497472 KB,774144 KB
lockfree_list,ref_counting,insert,388875497472 KB,388875497472 KB,0 KB
lockfree_list,ref_counting,insert,388875497472 KB,388875497472 KB,0 KB
lockfree_list,ref_counting,insert,388875497472 KB,388875497472 KB,0 KB
lockfree_list,ref_counting,insert,388875497472 KB,388875755520 KB,258048 KB
lockfree_list,ref_counting,insert,388875755520 KB,388876529664 KB,774144 KB
lockfree_list,ref_counting,insert,388876529664 KB,388877303808 KB,774144 KB
lockfree_list,ref_counting,insert,388877303808 KB,388877303808 KB,0 KB
lockfree_list,ref_counting,insert,388877303808 KB,388877582336 KB,278528 KB
lockfree_list,ref_counting,insert,388877582336 KB,388877582336 KB,0 KB
lockfree_list,ref_counting,insert,388877582336 KB,388877582336 KB,0 KB
lockfree_list,ref_counting,insert,388877582336 KB,388878098432 KB,516096 KB
lockfree_list,ref_counting,insert,388878098432 KB,388878356480 KB,258048 KB
lockfree_list,ref_counting,insert,388878356480 KB,388878614528 KB,258048 KB
lockfree_list,ref_counting,insert,388878614528 KB,388878934016 KB,319488 KB
lockfree_list,ref_counting,insert,388878934016 KB,388879192064 KB,258048 KB
lockfree_list,ref_counting,insert,388879192064 KB,388879708160 KB,516096 KB
lockfree_list,ref_counting,insert,388879708160 KB,388882051072 KB,2342912 KB
lockfree_list,ref_counting,insert,388882051072 KB,388881793024 KB,-258048 KB
lockfree_list,ref_counting,insert,388881793024 KB,388881793024 KB,0 KB
lockfree_list,ref_counting,insert,388881793024 KB,388881793024 KB,0 KB
lockfree_list,ref_counting,insert,388881793024 KB,388881547264 KB,-245760 KB
lockfree_list,ref_counting,insert,388881547264 KB,388881547264 KB,0 KB
lockfree_list,ref_counting,insert,388881547264 KB,388881547264 KB,0 KB
lockfree_list,ref_counting,insert,388881547264 KB,388881547264 KB,0 KB
lockfree_list,ref_counting,insert,388881547264 KB,388882837504 KB,1290240 KB
lockfree_list,ref_counting,insert,388882837504 KB,388883869696 KB,1032192 KB
lockfree_list,ref_counting,insert,388883869696 KB,388883869696 KB,0 KB
lockfree_list,ref_counting,insert,388883869696 KB,388883611648 KB,-258048 KB
lockfree_list,ref_counting,insert,388883611648 KB,388883869696 KB,258048 KB
lockfree_list,ref_counting,insert,388883869696 KB,388886970368 KB,3100672 KB
lockfree_list,ref_counting,insert,388886970368 KB,388886970368 KB,0 KB
lockfree_list,ref_counting,insert,388886970368 KB,388887248896 KB,278528 KB
lockfree_list,ref_counting,insert,388887248896 KB,388886994944 KB,-253952 KB
lockfree_list,ref_counting,insert,388886994944 KB,388886745088 KB,-249856 KB
lockfree_list,ref_counting,insert,388886745088 KB,388886745088 KB,0 KB
lockfree_list,ref_counting,insert,388886745088 KB,388888809472 KB,2064384 KB
lockfree_list,ref_counting,insert,388888809472 KB,388889624576 KB,815104 KB
lockfree_list,ref_counting,remove,388889948160 KB,388889948160 KB,0 KB
lockfree_list,ref_counting,remove,388889948160 KB,388889948160 KB,0 KB
lockfree_list,ref_counting,remove,388889948160 KB,388889948160 KB,0 KB
lockfree_list,ref_counting,remove,388889948160 KB,388889948160 KB,0 KB
lockfree_list,ref_counting,remove,388890234880 KB,388890234880 KB,0 KB
lockfree_list,ref_counting,remove,388890234880 KB,388890234880 KB,0 KB
lockfree_list,ref_counting,remove,388890234880 KB,388890234880 KB,0 KB
lockfree_list,ref_counting,remove,388890234880 KB,388890234880 KB,0 KB
lockfree_list,ref_counting,remove,388890234880 KB,388890234880 KB,0 KB
lockfree_list,ref_counting,remove,388890234880 KB,388890234880 KB,0 KB
lockfree_list,ref_counting,remove,388890234880 KB,388890234880 KB,0 KB
lockfree_list,ref_counting,remove,388890234880 KB,388890234880 KB,0 KB
lockfree_list,ref_counting,remove,388890234880 KB,388890234880 KB,0 KB
lockfree_list,ref_counting,remove,388890234880 KB,388890234880 KB,0 KB
lockfree_list,ref_counting,remove,388890234880 KB,388890234880 KB,0 KB
lockfree_list,ref_counting,remove,388890234880 KB,388890234880 KB,0 KB
lockfree_list,ref_counting,remove,388890234880 KB,388890234880 KB,0 KB
lockfree_list,ref_counting,remove,388890234880 KB,388890234880 KB,0 KB
lockfree_list,ref_counting,remove,388890234880 KB,388890234880 KB,0 KB
lockfree_list,ref_counting,remove,388890234880 KB,388890234880 KB,0 KB
lockfree_list,ref_counting,remove,388890234880 KB,388889976832 KB,-258048 KB
lockfree_list,ref_counting,remove,388889976832 KB,388889976832 KB,0 KB
lockfree_list,ref_counting,remove,388889976832 KB,388890259456 KB,282624 KB
lockfree_list,ref_counting,remove,388890259456 KB,388890259456 KB,0 KB
lockfree_list,ref_counting,remove,388890259456 KB,388890275840 KB,16384 KB
lockfree_list,ref_counting,remove,388890275840 KB,388890275840 KB,0 KB
lockfree_list,ref_counting,remove,388890275840 KB,388890275840 KB,0 KB
lockfree_list,ref_counting,remove,388890275840 KB,388890275840 KB,0 KB
lockfree_list,ref_counting,remove,388890275840 KB,388890275840 KB,0 KB
lockfree_list,ref_counting,remove,388890275840 KB,388890275840 KB,0 KB
lockfree_list,ref_counting,remove,388890275840 KB,388890030080 KB,-245760 KB
lockfree_list,ref_counting,remove,388890030080 KB,388892061696 KB,2031616 KB
lockfree_list,ref_counting,remove,388892061696 KB,388892610560 KB,548864 KB
lockfree_list,ref_counting,remove,388892610560 KB,388897218560 KB,4608000 KB
lockfree_list,ref_counting,remove,388897218560 KB,388897218560 KB,0 KB
lockfree_list,ref_counting,remove,388897218560 KB,388897218560 KB,0 KB
lockfree_list,ref_counting,remove,388897218560 KB,388897218560 KB,0 KB
lockfree_list,ref_counting,remove,388897218560 KB,388897218560 KB,0 KB
lockfree_list,ref_counting,remove,388897218560 KB,388897218560 KB,0 KB
lockfree_list,ref_counting,remove,388897218560 KB,388897218560 KB,0 KB
lockfree_list,ref_counting,remove,388897218560 KB,388897218560 KB,0 KB
lockfree_list,ref_counting,remove,388897218560 KB,388897218560 KB,0 KB
lockfree_list,ref_counting,remove,388897218560 KB,388897497088 KB,278528 KB
lockfree_list,ref_counting,remove,388897497088 KB,388897497088 KB,0 KB
lockfree_list,ref_counting,remove,388897497088 KB,388897497088 KB,0 KB
lockfree_list,ref_counting,remove,388897497088 KB,388897497088 KB,0 KB
lockfree_list,ref_counting,remove,388897497088 KB,388897497088 KB,0 KB
lockfree_list,ref_counting,remove,388897497088 KB,388897497088 KB,0 KB
lockfree_list,ref_counting,remove,388897497088 KB,388897497088 KB,0 KB
lockfree_list,ref_counting,remove,388897497088 KB,388897497088 KB,0 KB
lockfree_list,ref_counting,remove,388897497088 KB,388897497088 KB,0 KB
lockfree_list,ref_counting,remove,388897497088 KB,388897497088 KB,0 KB
lockfree_list,ref_counting,remove,388897497088 KB,388897497088 KB,0 KB
lockfree_list,ref_counting,remove,388897497088 KB,388897497088 KB,0 KB
lockfree_list,ref_counting,remove,388897497088 KB,388897497088 KB,0 KB
lockfree_list,ref_counting,remove,388897497088 KB,388897497088 KB,0 KB
lockfree_list,ref_counting,remove,388897497088 KB,388897497088 KB,0 KB
lockfree_list,ref_counting,remove,388897497088 KB,388897497088 KB,0 KB
lockfree_list,ref_counting,remove,388897497088 KB,388897497088 KB,0 KB
lockfree_list,ref_counting,remove,388897497088 KB,388897497088 KB,0 KB
lockfree_list,ref_counting,remove,388897497088 KB,388897497088 KB,0 KB
lockfree_list,ref_counting,remove,388897497088 KB,388897497088 KB,0 KB
lockfree_list,ref_counting,remove,388897497088 KB,388897755136 KB,258048 KB
lockfree_list,ref_counting,remove,388897755136 KB,388898787328 KB,1032192 KB
lockfree_list,ref_counting,remove,388898787328 KB,388898787328 KB,0 KB
lockfree_list,ref_counting,remove,388898787328 KB,388898787328 KB,0 KB
lockfree_list,ref_counting,remove,388898787328 KB,388899045376 KB,258048 KB
lockfree_list,ref_counting,remove,388899045376 KB,388899045376 KB,0 KB
lockfree_list,ref_counting,remove,388899045376 KB,388899045376 KB,0 KB
lockfree_list,ref_counting,remove,388899045376 KB,388899045376 KB,0 KB
lockfree_list,ref_counting,remove,388899045376 KB,388899045376 KB,0 KB
lockfree_list,ref_counting,remove,388899045376 KB,388899045376 KB,0 KB
lockfree_list,ref_counting,remove,388899045376 KB,388899045376 KB,0 KB
lockfree_list,ref_counting,remove,388899045376 KB,388898889728 KB,-155648 KB
lockfree_list,ref_counting,remove,388898889728 KB,388898889728 KB,0 KB
lockfree_list,ref_counting,remove,388898889728 KB,388898889728 KB,0 KB
lockfree_list,ref_counting,remove,388898889728 KB,388898631680 KB,-258048 KB
lockfree_list,ref_counting,remove,388898631680 KB,388898889728 KB,258048 KB
lockfree_list,ref_counting,remove,388898889728 KB,388898643968 KB,-245760 KB
lockfree_list,ref_counting,remove,388898643968 KB,388898643968 KB,0 KB
lockfree_list,ref_counting,remove,388898643968 KB,388899164160 KB,520192 KB
lockfree_list,ref_counting,remove,388899164160 KB,388898652160 KB,-512000 KB
lockfree_list,ref_counting,remove,388898652160 KB,388898406400 KB,-245760 KB
lockfree_list,ref_counting,remove,388898406400 KB,388898406400 KB,0 KB
lockfree_list,ref_counting,remove,388898406400 KB,388898406400 KB,0 KB
lockfree_list,ref_counting,remove,388898406400 KB,388898672640 KB,266240 KB
lockfree_list,ref_counting,remove,388898672640 KB,388898930688 KB,258048 KB
lockfree_list,ref_counting,remove,388898930688 KB,388899704832 KB,774144 KB
lockfree_list,ref_counting,remove,388899704832 KB,388900220928 KB,516096 KB
lockfree_list,ref_counting,remove,388900220928 KB,388900220928 KB,0 KB
lockfree_list,ref_counting,remove,388900220928 KB,388900220928 KB,0 KB
lockfree_list,ref_counting,remove,388900220928 KB,388900220928 KB,0 KB
lockfree_list,ref_counting,remove,388900220928 KB,388900220928 KB,0 KB
lockfree_list,ref_counting,remove,388900220928 KB,388900478976 KB,258048 KB
lockfree_list,ref_counting,remove,388900478976 KB,388900478976 KB,0 KB
lockfree_list,ref_counting,remove,388900478976 KB,388900253696 KB,-225280 KB
lockfree_list,ref_counting,remove,388900253696 KB,388900532224 KB,278528 KB
lockfree_list,ref_counting,remove,388900532224 KB,388900532224 KB,0 KB
lockfree_list,ref_counting,remove,388900532224 KB,388900532224 KB,0 KB
lockfree_list,ref_counting,remove,388900532224 KB,388900790272 KB,258048 KB
lockfree_list,ref_counting,remove,388900790272 KB,388900790272 KB,0 KB
lockfree_list,ref_counting,remove,388900790272 KB,388901306368 KB,516096 KB
lockfree_list,ref_counting,remove,388901306368 KB,388901564416 KB,258048 KB
lockfree_list,ref_counting,remove,388901564416 KB,388901822464 KB,258048 KB
lockfree_list,ref_counting,remove,388901822464 KB,388902854656 KB,1032192 KB
lockfree_list,ref_counting,remove,388902854656 KB,388902854656 KB,0 KB
lockfree_list,ref_counting,remove,388902854656 KB,388903116800 KB,262144 KB
lockfree_list,ref_counting,remove,388903116800 KB,388903116800 KB,0 KB
lockfree_list,ref_counting,remove,388903116800 KB,388903116800 KB,0 KB
lockfree_list,ref_counting,remove,388903116800 KB,388902858752 KB,-258048 KB
lockfree_list,ref_counting,remove,388902858752 KB,388902612992 KB,-245760 KB
lockfree_list,ref_counting,remove,388902612992 KB,388902612992 KB,0 KB
lockfree_list,ref_counting,remove,388902612992 KB,388902612992 KB,0 KB
lockfree_list,ref_counting,remove,388902612992 KB,388902612992 KB,0 KB
lockfree_list,ref_counting,remove,388902612992 KB,388902612992 KB,0 KB
lockfree_list,ref_counting,remove,388902612992 KB,388903129088 KB,516096 KB
lockfree_list,ref_counting,remove,388903129088 KB,388904419328 KB,1290240 KB
lockfree_list,ref_counting,remove,388904419328 KB,388904677376 KB,258048 KB
lockfree_list,ref_counting,remove,388904677376 KB,388904935424 KB,258048 KB
lockfree_list,ref_counting,remove,388904935424 KB,388904935424 KB,0 KB
lockfree_list,ref_counting,remove,388904935424 KB,388904935424 KB,0 KB
lockfree_list,ref_counting,remove,388904935424 KB,388904677376 KB,-258048 KB
lockfree_list,ref_counting,remove,388904677376 KB,388904955904 KB,278528 KB
lockfree_list,ref_counting,remove,388904955904 KB,388904955904 KB,0 KB
lockfree_list,ref_counting,remove,388904955904 KB,388904955904 KB,0 KB
lockfree_list,ref_counting,remove,388904955904 KB,388904955904 KB,0 KB
lockfree_list,ref_counting,remove,388904955904 KB,388904955904 KB,0 KB
lockfree_list,ref_counting,remove,388904955904 KB,388905312256 KB,356352 KB
lockfree_list,ref_counting,remove,388905312256 KB,388905828352 KB,516096 KB
lockfree_list,ref_counting,remove,388905828352 KB,388905828352 KB,0 KB
lockfree_list,ref_counting,remove,388905828352 KB,388905828352 KB,0 KB
lockfree_list,ref_counting,remove,388905828352 KB,388905828352 KB,0 KB
lockfree_list,ref_counting,remove,388905828352 KB,388905570304 KB,-258048 KB
lockfree_list,ref_counting,remove,388905570304 KB,388905582592 KB,12288 KB
lockfree_list,seize,insert,388909506560 KB,388909506560 KB,0 KB
lockfree_list,seize,insert,388909506560 KB,388909506560 KB,0 KB
lockfree_list,seize,insert,388909506560 KB,388909506560 KB,0 KB
lockfree_list,seize,insert,388909506560 KB,388909506560 KB,0 KB
lockfree_list,seize,insert,388909506560 KB,388909506560 KB,0 KB
lockfree_list,seize,insert,388909506560 KB,388909506560 KB,0 KB
lockfree_list,seize,insert,388909506560 KB,388909506560 KB,0 KB
lockfree_list,seize,insert,388909506560 KB,388909506560 KB,0 KB
lockfree_list,seize,insert,388909506560 KB,388909506560 KB,0 KB
lockfree_list,seize,insert,388909506560 KB,388909506560 KB,0 KB
lockfree_list,seize,insert,388909506560 KB,388909506560 KB,0 KB
lockfree_list,seize,insert,388909506560 KB,388909506560 KB,0 KB
lockfree_list,seize,insert,388909506560 KB,388909506560 KB,0 KB
lockfree_list,seize,insert,388909506560 KB,388909506560 KB,0 KB
lockfree_list,seize,insert,388909506560 KB,388909506560 KB,0 KB
lockfree_list,seize,insert,388909506560 KB,388909506560 KB,0 KB
lockfree_list,seize,insert,388909506560 KB,388909506560 KB,0 KB
lockfree_list,seize,insert,388909506560 KB,388909506560 KB,0 KB
lockfree_list,seize,insert,388909506560 KB,388909785088 KB,278528 KB
lockfree_list,seize,insert,388909785088 KB,388909785088 KB,0 KB
lockfree_list,seize,insert,388909785088 KB,388909785088 KB,0 KB
lockfree_list,seize,insert,388909785088 KB,388909527040 KB,-258048 KB
lockfree_list,seize,insert,388909527040 KB,388909527040 KB,0 KB
lockfree_list,seize,insert,388909527040 KB,388909527040 KB,0 KB
lockfree_list,seize,insert,388909527040 KB,388909527040 KB,0 KB
lockfree_list,seize,insert,388909527040 KB,388909527040 KB,0 KB
lockfree_list,seize,insert,388909527040 KB,388909785088 KB,258048 KB
lockfree_list,seize,insert,388909785088 KB,388910559232 KB,774144 KB
lockfree_list,seize,insert,388910559232 KB,388911075328 KB,516096 KB
lockfree_list,seize,insert,388911075328 KB,388912222208 KB,1146880 KB
lockfree_list,seize,insert,388912222208 KB,388912500736 KB,278528 KB
lockfree_list,seize,insert,388912500736 KB,388919492608 KB,6991872 KB
lockfree_list,seize,insert,388919492608 KB,388923924480 KB,4431872 KB
lockfree_list,seize,insert,388923924480 KB,388923924480 KB,0 KB
lockfree_list,seize,insert,388923924480 KB,388923924480 KB,0 KB
lockfree_list,seize,insert,388923924480 KB,388923924480 KB,0 KB
lockfree_list,seize,insert,388923924480 KB,388923924480 KB,0 KB
lockfree_list,seize,insert,388923924480 KB,388923924480 KB,0 KB
lockfree_list,seize,insert,388923924480 KB,388923924480 KB,0 KB
lockfree_list,seize,insert,388923924480 KB,388923924480 KB,0 KB
lockfree_list,seize,insert,388923924480 KB,388923924480 KB,0 KB
lockfree_list,seize,insert,388923924480 KB,388924182528 KB,258048 KB
lockfree_list,seize,insert,388924182528 KB,388924182528 KB,0 KB
lockfree_list,seize,insert,388924182528 KB,388924182528 KB,0 KB
lockfree_list,seize,insert,388924182528 KB,388924182528 KB,0 KB
lockfree_list,seize,insert,388924182528 KB,388924698624 KB,516096 KB
lockfree_list,seize,insert,388924698624 KB,388924698624 KB,0 KB
lockfree_list,seize,insert,388924698624 KB,388924956672 KB,258048 KB
lockfree_list,seize,insert,388924956672 KB,388924956672 KB,0 KB
lockfree_list,seize,insert,388924956672 KB,388924956672 KB,0 KB
lockfree_list,seize,insert,388924956672 KB,388924956672 KB,0 KB
lockfree_list,seize,insert,388924956672 KB,388924956672 KB,0 KB
lockfree_list,seize,insert,388924956672 KB,388924956672 KB,0 KB
lockfree_list,seize,insert,388924956672 KB,388924956672 KB,0 KB
lockfree_list,seize,insert,388924956672 KB,388924956672 KB,0 KB
lockfree_list,seize,insert,388924956672 KB,388924956672 KB,0 KB
lockfree_list,seize,insert,388924956672 KB,388924956672 KB,0 KB
lockfree_list,seize,insert,388924956672 KB,388925214720 KB,258048 KB
lockfree_list,seize,insert,388925214720 KB,388925214720 KB,0 KB
lockfree_list,seize,insert,388925214720 KB,388925214720 KB,0 KB
lockfree_list,seize,insert,388925214720 KB,388925214720 KB,0 KB
lockfree_list,seize,insert,388925214720 KB,388925472768 KB,258048 KB
lockfree_list,seize,insert,388925472768 KB,388925472768 KB,0 KB
lockfree_list,seize,insert,388925472768 KB,388925472768 KB,0 KB
lockfree_list,seize,insert,388925472768 KB,388925227008 KB,-245760 KB
lockfree_list,seize,insert,388925227008 KB,388925227008 KB,0 KB
lockfree_list,seize,insert,388925227008 KB,388925227008 KB,0 KB
lockfree_list,seize,insert,388925227008 KB,388925227008 KB,0 KB
lockfree_list,seize,insert,388925227008 KB,388925227008 KB,0 KB
lockfree_list,seize,insert,388925227008 KB,388925227008 KB,0 KB
lockfree_list,seize,insert,388925227008 KB,388925227008 KB,0 KB
lockfree_list,seize,insert,388925227008 KB,388925227008 KB,0 KB
lockfree_list,seize,insert,388925227008 KB,388925227008 KB,0 KB
lockfree_list,seize,insert,388925227008 KB,388925227008 KB,0 KB
lockfree_list,seize,insert,388925227008 KB,388925562880 KB,335872 KB
lockfree_list,seize,insert,388925562880 KB,388925825024 KB,262144 KB
lockfree_list,seize,insert,388925825024 KB,388925825024 KB,0 KB
lockfree_list,seize,insert,388925825024 KB,388925825024 KB,0 KB
lockfree_list,seize,insert,388925825024 KB,388926341120 KB,516096 KB
lockfree_list,seize,insert,388926341120 KB,388926341120 KB,0 KB
lockfree_list,seize,insert,388926341120 KB,388926345216 KB,4096 KB
lockfree_list,seize,insert,388926345216 KB,388926345216 KB,0 KB
lockfree_list,seize,insert,388926345216 KB,388926345216 KB,0 KB
lockfree_list,seize,insert,388926345216 KB,388926345216 KB,0 KB
lockfree_list,seize,insert,388926345216 KB,388926603264 KB,258048 KB
lockfree_list,seize,insert,388926603264 KB,388926603264 KB,0 KB
lockfree_list,seize,insert,388926603264 KB,388926881792 KB,278528 KB
lockfree_list,seize,insert,388926881792 KB,388926881792 KB,0 KB
lockfree_list,seize,insert,388926881792 KB,388926881792 KB,0 KB
lockfree_list,seize,insert,388926881792 KB,388926881792 KB,0 KB
lockfree_list,seize,insert,388926881792 KB,388926881792 KB,0 KB
lockfree_list,seize,insert,388926881792 KB,388926881792 KB,0 KB
lockfree_list,seize,insert,388926881792 KB,388926881792 KB,0 KB
lockfree_list,seize,insert,388926881792 KB,388926881792 KB,0 KB
lockfree_list,seize,insert,388926881792 KB,388926881792 KB,0 KB
lockfree_list,seize,insert,388926881792 KB,388926881792 KB,0 KB
lockfree_list,seize,insert,388926881792 KB,388927139840 KB,258048 KB
lockfree_list,seize,insert,388927139840 KB,388927397888 KB,258048 KB
lockfree_list,seize,insert,388927397888 KB,388927655936 KB,258048 KB
lockfree_list,seize,insert,388927655936 KB,388928688128 KB,1032192 KB
lockfree_list,seize,insert,388928688128 KB,388928688128 KB,0 KB
lockfree_list,seize,insert,388928688128 KB,388928688128 KB,0 KB
lockfree_list,seize,insert,388928688128 KB,388929032192 KB,344064 KB
lockfree_list,seize,insert,388929032192 KB,388928774144 KB,-258048 KB
lockfree_list,seize,insert,388928774144 KB,388929310720 KB,536576 KB
lockfree_list,seize,insert,388929310720 KB,388929310720 KB,0 KB
lockfree_list,seize,insert,388929310720 KB,388929052672 KB,-258048 KB
lockfree_list,seize,insert,388929052672 KB,388928540672 KB,-512000 KB
lockfree_list,seize,insert,388928540672 KB,388929003520 KB,462848 KB
lockfree_list,seize,insert,388929003520 KB,388929003520 KB,0 KB
lockfree_list,seize,insert,388929003520 KB,388929777664 KB,774144 KB
lockfree_list,seize,insert,388929777664 KB,388930035712 KB,258048 KB
lockfree_list,seize,insert,388930035712 KB,388930293760 KB,258048 KB
lockfree_list,seize,insert,388930293760 KB,388930293760 KB,0 KB
lockfree_list,seize,insert,388930293760 KB,388930551808 KB,258048 KB
lockfree_list,seize,insert,388930551808 KB,388930551808 KB,0 KB
lockfree_list,seize,insert,388930551808 KB,388930551808 KB,0 KB
lockfree_list,seize,insert,388930551808 KB,388930551808 KB,0 KB
lockfree_list,seize,insert,388930551808 KB,388930306048 KB,-245760 KB
lockfree_list,seize,insert,388930306048 KB,388930306048 KB,0 KB
lockfree_list,seize,insert,388930306048 KB,388930306048 KB,0 KB
lockfree_list,seize,insert,388930306048 KB,388930318336 KB,12288 KB
lockfree_list,seize,insert,388930318336 KB,388930318336 KB,0 KB
lockfree_list,seize,insert,388930318336 KB,388931125248 KB,806912 KB
lockfree_list,seize,insert,388931125248 KB,388931641344 KB,516096 KB
lockfree_list,seize,insert,388931641344 KB,388931641344 KB,0 KB
lockfree_list,seize,insert,388931641344 KB,388932415488 KB,774144 KB
lockfree_list,seize,insert,388932415488 KB,388932415488 KB,0 KB
lockfree_list,seize,insert,388932415488 KB,388932415488 KB,0 KB
lockfree_list,seize,insert,388932415488 KB,388932694016 KB,278528 KB
lockfree_list,seize,insert,388932694016 KB,388932694016 KB,0 KB
lockfree_list,seize,insert,388932694016 KB,388932952064 KB,258048 KB
lockfree_list,seize,insert,388932952064 KB,388933210112 KB,258048 KB
lockfree_list,seize,remove,388923068416 KB,388923068416 KB,0 KB
lockfree_list,seize,remove,388923068416 KB,388923068416 KB,0 KB
lockfree_list,seize,remove,388923068416 KB,388923068416 KB,0 KB
lockfree_list,seize,remove,388923068416 KB,388923068416 KB,0 KB
lockfree_list,seize,remove,388923068416 KB,388923068416 KB,0 KB
lockfree_list,seize,remove,388923068416 KB,388923068416 KB,0 KB
lockfree_list,seize,remove,388923068416 KB,388923068416 KB,0 KB
lockfree_list,seize,remove,388923068416 KB,388923068416 KB,0 KB
lockfree_list,seize,remove,388923068416 KB,388923068416 KB,0 KB
lockfree_list,seize,remove,388923068416 KB,388923068416 KB,0 KB
lockfree_list,seize,remove,388923068416 KB,388923068416 KB,0 KB
lockfree_list,seize,remove,388923068416 KB,388923068416 KB,0 KB
lockfree_list,seize,remove,388923068416 KB,388923068416 KB,0 KB
lockfree_list,seize,remove,388923068416 KB,388923068416 KB,0 KB
lockfree_list,seize,remove,388923068416 KB,388923068416 KB,0 KB
lockfree_list,seize,remove,388923068416 KB,388923068416 KB,0 KB
lockfree_list,seize,remove,388923068416 KB,388923068416 KB,0 KB
lockfree_list,seize,remove,388923068416 KB,388923068416 KB,0 KB
lockfree_list,seize,remove,388923068416 KB,388923068416 KB,0 KB
lockfree_list,seize,remove,388923068416 KB,388923068416 KB,0 KB
lockfree_list,seize,remove,388923068416 KB,388923068416 KB,0 KB
lockfree_list,seize,remove,388923068416 KB,388923068416 KB,0 KB
lockfree_list,seize,remove,388923068416 KB,388923068416 KB,0 KB
lockfree_list,seize,remove,388923068416 KB,388923068416 KB,0 KB
lockfree_list,seize,remove,388923068416 KB,388923068416 KB,0 KB
lockfree_list,seize,remove,388923068416 KB,388923101184 KB,32768 KB
lockfree_list,seize,remove,388923101184 KB,388923101184 KB,0 KB
lockfree_list,seize,remove,388923101184 KB,388922843136 KB,-258048 KB
lockfree_list,seize,remove,388922843136 KB,388922843136 KB,0 KB
lockfree_list,seize,remove,388922843136 KB,388922843136 KB,0 KB
lockfree_list,seize,remove,388922843136 KB,388922855424 KB,12288 KB
lockfree_list,seize,remove,388922855424 KB,388925730816 KB,2875392 KB
lockfree_list,seize,remove,388925730816 KB,388927041536 KB,1310720 KB
lockfree_list,seize,remove,388927041536 KB,388932190208 KB,5148672 KB
lockfree_list,seize,remove,388932190208 KB,388932190208 KB,0 KB
lockfree_list,seize,remove,388932190208 KB,388932706304 KB,516096 KB
lockfree_list,seize,remove,388932706304 KB,388932706304 KB,0 KB
lockfree_list,seize,remove,388932706304 KB,388932706304 KB,0 KB
lockfree_list,seize,remove,388932706304 KB,388932706304 KB,0 KB
lockfree_list,seize,remove,388932706304 KB,388932706304 KB,0 KB
lockfree_list,seize,remove,388932706304 KB,388932706304 KB,0 KB
lockfree_list,seize,remove,388932706304 KB,388932706304 KB,0 KB
lockfree_list,seize,remove,388932706304 KB,388932706304 KB,0 KB
lockfree_list,seize,remove,388932706304 KB,388933222400 KB,516096 KB
lockfree_list,seize,remove,388933222400 KB,388933222400 KB,0 KB
lockfree_list,seize,remove,388933222400 KB,388933480448 KB,258048 KB
lockfree_list,seize,remove,388933480448 KB,388933738496 KB,258048 KB
lockfree_list,seize,remove,388933738496 KB,388933738496 KB,0 KB
lockfree_list,seize,remove,388933738496 KB,388933738496 KB,0 KB
lockfree_list,seize,remove,388933738496 KB,388933996544 KB,258048 KB
lockfree_list,seize,remove,388933996544 KB,388933996544 KB,0 KB
lockfree_list,seize,remove,388933996544 KB,388933738496 KB,-258048 KB
lockfree_list,seize,remove,388933738496 KB,388933738496 KB,0 KB
lockfree_list,seize,remove,388933738496 KB,388933738496 KB,0 KB
lockfree_list,seize,remove,388933738496 KB,388933738496 KB,0 KB
lockfree_list,seize,remove,388933738496 KB,388933738496 KB,0 KB
lockfree_list,seize,remove,388933738496 KB,388933738496 KB,0 KB
lockfree_list,seize,remove,388933738496 KB,388933738496 KB,0 KB
lockfree_list,seize,remove,388933738496 KB,388933738496 KB,0 KB
lockfree_list,seize,remove,388933738496 KB,388934254592 KB,516096 KB
lockfree_list,seize,remove,388934254592 KB,388934254592 KB,0 KB
lockfree_list,seize,remove,388934254592 KB,388934254592 KB,0 KB
lockfree_list,seize,remove,388934254592 KB,388934254592 KB,0 KB
lockfree_list,seize,remove,388934254592 KB,388934254592 KB,0 KB
lockfree_list,seize,remove,388934254592 KB,388934254592 KB,0 KB
lockfree_list,seize,remove,388934254592 KB,388934008832 KB,-245760 KB
lockfree_list,seize,remove,388934008832 KB,388934008832 KB,0 KB
lockfree_list,seize,remove,388934008832 KB,388934008832 KB,0 KB
lockfree_list,seize,remove,388934008832 KB,388934008832 KB,0 KB
lockfree_list,seize,remove,388934008832 KB,388934008832 KB,0 KB
lockfree_list,seize,remove,388934008832 KB,388934008832 KB,0 KB
lockfree_list,seize,remove,388934008832 KB,388934008832 KB,0 KB
lockfree_list,seize,remove,388934008832 KB,388934008832 KB,0 KB
lockfree_list,seize,remove,388934008832 KB,388934008832 KB,0 KB
lockfree_list,seize,remove,388934008832 KB,388934008832 KB,0 KB
lockfree_list,seize,remove,388934008832 KB,388934529024 KB,520192 KB
lockfree_list,seize,remove,388934529024 KB,388934787072 KB,258048 KB
lockfree_list,seize,remove,388934787072 KB,388935819264 KB,1032192 KB
lockfree_list,seize,remove,388935819264 KB,388935561216 KB,-258048 KB
lockfree_list,seize,remove,388935561216 KB,388935561216 KB,0 KB
lockfree_list,seize,remove,388935561216 KB,388935819264 KB,258048 KB
lockfree_list,seize,remove,388935819264 KB,388935819264 KB,0 KB
lockfree_list,seize,remove,388935819264 KB,388936077312 KB,258048 KB
lockfree_list,seize,remove,388936077312 KB,388936077312 KB,0 KB
lockfree_list,seize,remove,388936077312 KB,388936073216 KB,-4096 KB
lockfree_list,seize,remove,388936073216 KB,388936609792 KB,536576 KB
lockfree_list,seize,remove,388936609792 KB,388936609792 KB,0 KB
lockfree_list,seize,remove,388936609792 KB,388936609792 KB,0 KB
lockfree_list,seize,remove,388936609792 KB,388936609792 KB,0 KB
lockfree_list,seize,remove,388936609792 KB,388936609792 KB,0 KB
lockfree_list,seize,remove,388936609792 KB,388936609792 KB,0 KB
lockfree_list,seize,remove,388936609792 KB,388936609792 KB,0 KB
lockfree_list,seize,remove,388936609792 KB,388936609792 KB,0 KB
lockfree_list,seize,remove,388936609792 KB,388937125888 KB,516096 KB
lockfree_list,seize,remove,388937125888 KB,388937641984 KB,516096 KB
lockfree_list,seize,remove,388937641984 KB,388938674176 KB,1032192 KB
lockfree_list,seize,remove,388938674176 KB,388938674176 KB,0 KB
lockfree_list,seize,remove,388938674176 KB,388939190272 KB,516096 KB
lockfree_list,seize,remove,388939190272 KB,388939190272 KB,0 KB
lockfree_list,seize,remove,388939190272 KB,388939190272 KB,0 KB
lockfree_list,seize,remove,388939190272 KB,388939190272 KB,0 KB
lockfree_list,seize,remove,388939190272 KB,388939190272 KB,0 KB
lockfree_list,seize,remove,388939190272 KB,388939190272 KB,0 KB
lockfree_list,seize,remove,388939190272 KB,388939468800 KB,278528 KB
lockfree_list,seize,remove,388939468800 KB,388939468800 KB,0 KB
lockfree_list,seize,remove,388939468800 KB,388940255232 KB,786432 KB
lockfree_list,seize,remove,388940255232 KB,388940025856 KB,-229376 KB
lockfree_list,seize,remove,388940025856 KB,388940025856 KB,0 KB
lockfree_list,seize,remove,388940025856 KB,388940541952 KB,516096 KB
lockfree_list,seize,remove,388940541952 KB,388941316096 KB,774144 KB
lockfree_list,seize,remove,388941316096 KB,388941058048 KB,-258048 KB
lockfree_list,seize,remove,388941058048 KB,388941316096 KB,258048 KB
lockfree_list,seize,remove,388941316096 KB,388941316096 KB,0 KB
lockfree_list,seize,remove,388941316096 KB,388941316096 KB,0 KB
lockfree_list,seize,remove,388941316096 KB,388941316096 KB,0 KB
lockfree_list,seize,remove,388941316096 KB,388941316096 KB,0 KB
lockfree_list,seize,remove,388941316096 KB,388941070336 KB,-245760 KB
lockfree_list,seize,remove,388941070336 KB,388941070336 KB,0 KB
lockfree_list,seize,remove,388941070336 KB,388941070336 KB,0 KB
lockfree_list,seize,remove,388941070336 KB,388941070336 KB,0 KB
lockfree_list,seize,remove,388941070336 KB,388941844480 KB,774144 KB
lockfree_list,seize,remove,388941844480 KB,388942741504 KB,897024 KB
lockfree_list,seize,remove,388942741504 KB,388942745600 KB,4096 KB
lockfree_list,seize,remove,388942745600 KB,388942745600 KB,0 KB
lockfree_list,seize,remove,388942745600 KB,388942745600 KB,0 KB
lockfree_list,seize,remove,388942745600 KB,388942745600 KB,0 KB
lockfree_list,seize,remove,388942745600 KB,388943003648 KB,258048 KB
lockfree_list,seize,remove,388943003648 KB,388943282176 KB,278528 KB
lockfree_list,seize,remove,388943282176 KB,388943282176 KB,0 KB
lockfree_list,seize,remove,388943282176 KB,388943282176 KB,0 KB
lockfree_list,seize,remove,388943282176 KB,388943282176 KB,0 KB
lockfree_list,seize,remove,388943282176 KB,388944605184 KB,1323008 KB
lockfree_list,seize,remove,388944605184 KB,388945256448 KB,651264 KB
lockfree_list,seize,remove,388945256448 KB,388945256448 KB,0 KB
lockfree_list,crossbeam,insert,388948369408 KB,388948369408 KB,0 KB
lockfree_list,crossbeam,insert,388948369408 KB,388948369408 KB,0 KB
lockfree_list,crossbeam,insert,388948369408 KB,388948369408 KB,0 KB
lockfree_list,crossbeam,insert,388948369408 KB,388948369408 KB,0 KB
lockfree_list,crossbeam,insert,388948369408 KB,388948369408 KB,0 KB
lockfree_list,crossbeam,insert,388948369408 KB,388948369408 KB,0 KB
lockfree_list,crossbeam,insert,388948369408 KB,388948369408 KB,0 KB
lockfree_list,crossbeam,insert,388948369408 KB,388948369408 KB,0 KB
lockfree_list,crossbeam,insert,388948369408 KB,388948369408 KB,0 KB
lockfree_list,crossbeam,insert,388948369408 KB,388948369408 KB,0 KB
lockfree_list,crossbeam,insert,388948369408 KB,388948369408 KB,0 KB
lockfree_list,crossbeam,insert,388948369408 KB,388948369408 KB,0 KB
lockfree_list,crossbeam,insert,388948369408 KB,388948369408 KB,0 KB
lockfree_list,crossbeam,insert,388948369408 KB,388948369408 KB,0 KB
lockfree_list,crossbeam,insert,388948369408 KB,388948369408 KB,0 KB
lockfree_list,crossbeam,insert,388948369408 KB,388948369408 KB,0 KB
lockfree_list,crossbeam,insert,388948369408 KB,388948369408 KB,0 KB
lockfree_list,crossbeam,insert,388948369408 KB,388948369408 KB,0 KB
lockfree_list,crossbeam,insert,388948369408 KB,388948369408 KB,0 KB
lockfree_list,crossbeam,insert,388948369408 KB,388948369408 KB,0 KB
lockfree_list,crossbeam,insert,388948369408 KB,388948369408 KB,0 KB
lockfree_list,crossbeam,insert,388948369408 KB,388948369408 KB,0 KB
lockfree_list,crossbeam,insert,388948369408 KB,388948369408 KB,0 KB
lockfree_list,crossbeam,insert,388948369408 KB,388948369408 KB,0 KB
lockfree_list,crossbeam,insert,388948369408 KB,388948660224 KB,290816 KB
lockfree_list,crossbeam,insert,388948660224 KB,388948660224 KB,0 KB
lockfree_list,crossbeam,insert,388948660224 KB,388948660224 KB,0 KB
lockfree_list,crossbeam,insert,388948660224 KB,388948660224 KB,0 KB
lockfree_list,crossbeam,insert,388948660224 KB,388948414464 KB,-245760 KB
lockfree_list,crossbeam,insert,388948414464 KB,388948414464 KB,0 KB
lockfree_list,crossbeam,insert,388948414464 KB,388950831104 KB,2416640 KB
lockfree_list,crossbeam,insert,388950831104 KB,388951240704 KB,409600 KB
lockfree_list,crossbeam,insert,388951240704 KB,388954386432 KB,3145728 KB
lockfree_list,crossbeam,insert,388954386432 KB,388954386432 KB,0 KB
lockfree_list,crossbeam,insert,388954386432 KB,388954386432 KB,0 KB
lockfree_list,crossbeam,insert,388954386432 KB,388954386432 KB,0 KB
lockfree_list,crossbeam,insert,388954386432 KB,388954386432 KB,0 KB
lockfree_list,crossbeam,insert,388954386432 KB,388954386432 KB,0 KB
lockfree_list,crossbeam,insert,388954386432 KB,388954550272 KB,163840 KB
lockfree_list,crossbeam,insert,388954550272 KB,388954550272 KB,0 KB
lockfree_list,crossbeam,insert,388954550272 KB,388954550272 KB,0 KB
lockfree_list,crossbeam,insert,388954550272 KB,388954550272 KB,0 KB
lockfree_list,crossbeam,insert,388954550272 KB,388954550272 KB,0 KB
lockfree_list,crossbeam,insert,388954550272 KB,388954550272 KB,0 KB
lockfree_list,crossbeam,insert,388954550272 KB,388954808320 KB,258048 KB
lockfree_list,crossbeam,insert,388954808320 KB,388955066368 KB,258048 KB
lockfree_list,crossbeam,insert,388955066368 KB,388955066368 KB,0 KB
lockfree_list,crossbeam,insert,388955066368 KB,388955066368 KB,0 KB
lockfree_list,crossbeam,insert,388955066368 KB,388955324416 KB,258048 KB
lockfree_list,crossbeam,insert,388955324416 KB,388955324416 KB,0 KB
lockfree_list,crossbeam,insert,388955324416 KB,388955324416 KB,0 KB
lockfree_list,crossbeam,insert,388955324416 KB,388955324416 KB,0 KB
lockfree_list,crossbeam,insert,388955324416 KB,388955324416 KB,0 KB
lockfree_list,crossbeam,insert,388955324416 KB,388955324416 KB,0 KB
lockfree_list,crossbeam,insert,388955324416 KB,388955324416 KB,0 KB
lockfree_list,crossbeam,insert,388955324416 KB,388955324416 KB,0 KB
lockfree_list,crossbeam,insert,388955324416 KB,388955582464 KB,258048 KB
lockfree_list,crossbeam,insert,388955582464 KB,388955582464 KB,0 KB
lockfree_list,crossbeam,insert,388955582464 KB,388955840512 KB,258048 KB
lockfree_list,crossbeam,insert,388955840512 KB,388955840512 KB,0 KB
lockfree_list,crossbeam,insert,388955840512 KB,388955840512 KB,0 KB
lockfree_list,crossbeam,insert,388955840512 KB,388955840512 KB,0 KB
lockfree_list,crossbeam,insert,388955840512 KB,388955840512 KB,0 KB
lockfree_list,crossbeam,insert,388955840512 KB,388955840512 KB,0 KB
lockfree_list,crossbeam,insert,388955840512 KB,388955840512 KB,0 KB
lockfree_list,crossbeam,insert,388955840512 KB,388955840512 KB,0 KB
lockfree_list,crossbeam,insert,388955840512 KB,388955840512 KB,0 KB
lockfree_list,crossbeam,insert,388955840512 KB,388955840512 KB,0 KB
lockfree_list,crossbeam,insert,388955840512 KB,388955840512 KB,0 KB
lockfree_list,crossbeam,insert,388955840512 KB,388955840512 KB,0 KB
lockfree_list,crossbeam,insert,388955840512 KB,388955840512 KB,0 KB
lockfree_list,crossbeam,insert,388955840512 KB,388955840512 KB,0 KB
lockfree_list,crossbeam,insert,388955840512 KB,388955840512 KB,0 KB
lockfree_list,crossbeam,insert,388955840512 KB,388955840512 KB,0 KB
lockfree_list,crossbeam,insert,388955840512 KB,388955840512 KB,0 KB
lockfree_list,crossbeam,insert,388955840512 KB,388955840512 KB,0 KB
lockfree_list,crossbeam,insert,388955840512 KB,388956098560 KB,258048 KB
lockfree_list,crossbeam,insert,388956098560 KB,388956356608 KB,258048 KB
lockfree_list,crossbeam,insert,388956356608 KB,388957130752 KB,774144 KB
lockfree_list,crossbeam,insert,388957130752 KB,388957904896 KB,774144 KB
lockfree_list,crossbeam,insert,388957904896 KB,388958162944 KB,258048 KB
lockfree_list,crossbeam,insert,388958162944 KB,388958162944 KB,0 KB
lockfree_list,crossbeam,insert,388958162944 KB,388958420992 KB,258048 KB
lockfree_list,crossbeam,insert,388958420992 KB,388958420992 KB,0 KB
lockfree_list,crossbeam,insert,388958420992 KB,388958679040 KB,258048 KB
lockfree_list,crossbeam,insert,388958679040 KB,388958679040 KB,0 KB
lockfree_list,crossbeam,insert,388958679040 KB,388958420992 KB,-258048 KB
lockfree_list,crossbeam,insert,388958420992 KB,388958420992 KB,0 KB
lockfree_list,crossbeam,insert,388958420992 KB,388958420992 KB,0 KB
lockfree_list,crossbeam,insert,388958420992 KB,388958699520 KB,278528 KB
lockfree_list,crossbeam,insert,388958699520 KB,388958699520 KB,0 KB
lockfree_list,crossbeam,insert,388958699520 KB,388958699520 KB,0 KB
lockfree_list,crossbeam,insert,388958699520 KB,388958957568 KB,258048 KB
lockfree_list,crossbeam,insert,388958957568 KB,388958957568 KB,0 KB
lockfree_list,crossbeam,insert,388958957568 KB,388958957568 KB,0 KB
lockfree_list,crossbeam,insert,388958957568 KB,388958973952 KB,16384 KB
lockfree_list,crossbeam,insert,388958973952 KB,388959490048 KB,516096 KB
lockfree_list,crossbeam,insert,388959490048 KB,388959748096 KB,258048 KB
lockfree_list,crossbeam,insert,388959748096 KB,388960264192 KB,516096 KB
lockfree_list,crossbeam,insert,388960264192 KB,388960264192 KB,0 KB
lockfree_list,crossbeam,insert,388960264192 KB,388960780288 KB,516096 KB
lockfree_list,crossbeam,insert,388960780288 KB,388960780288 KB,0 KB
lockfree_list,crossbeam,insert,388960780288 KB,388960780288 KB,0 KB
lockfree_list,crossbeam,insert,388960780288 KB,388960780288 KB,0 KB
lockfree_list,crossbeam,insert,388960780288 KB,388960534528 KB,-245760 KB
lockfree_list,crossbeam,insert,388960534528 KB,388960792576 KB,258048 KB
lockfree_list,crossbeam,insert,388960792576 KB,388960792576 KB,0 KB
lockfree_list,crossbeam,insert,388960792576 KB,388960792576 KB,0 KB
lockfree_list,crossbeam,insert,388960792576 KB,388960792576 KB,0 KB
lockfree_list,crossbeam,insert,388960792576 KB,388960792576 KB,0 KB
lockfree_list,crossbeam,insert,388960792576 KB,388962082816 KB,1290240 KB
lockfree_list,crossbeam,insert,388962082816 KB,388962082816 KB,0 KB
lockfree_list,crossbeam,insert,388962082816 KB,388962856960 KB,774144 KB
lockfree_list,crossbeam,insert,388962856960 KB,388963024896 KB,167936 KB
lockfree_list,crossbeam,insert,388963024896 KB,388963024896 KB,0 KB
lockfree_list,crossbeam,insert,388963024896 KB,388963024896 KB,0 KB
lockfree_list,crossbeam,insert,388963024896 KB,388963024896 KB,0 KB
lockfree_list,crossbeam,insert,388963024896 KB,388963303424 KB,278528 KB
lockfree_list,crossbeam,insert,388963303424 KB,388963303424 KB,0 KB
lockfree_list,crossbeam,insert,388963303424 KB,388963336192 KB,32768 KB
lockfree_list,crossbeam,insert,388963336192 KB,388963336192 KB,0 KB
lockfree_list,crossbeam,insert,388963336192 KB,388963594240 KB,258048 KB
lockfree_list,crossbeam,insert,388963594240 KB,388964368384 KB,774144 KB
lockfree_list,crossbeam,insert,388964368384 KB,388964368384 KB,0 KB
lockfree_list,crossbeam,insert,388964368384 KB,388964626432 KB,258048 KB
lockfree_list,crossbeam,insert,388964626432 KB,388964626432 KB,0 KB
lockfree_list,crossbeam,insert,388964626432 KB,388964884480 KB,258048 KB
lockfree_list,crossbeam,insert,388964884480 KB,388964896768 KB,12288 KB
lockfree_list,crossbeam,insert,388964896768 KB,388964651008 KB,-245760 KB
lockfree_list,crossbeam,insert,388964651008 KB,388964651008 KB,0 KB
lockfree_list,crossbeam,insert,388964651008 KB,388964909056 KB,258048 KB
lockfree_list,crossbeam,insert,388964909056 KB,388964909056 KB,0 KB
lockfree_list,crossbeam,insert,388964909056 KB,388966494208 KB,1585152 KB
lockfree_list,hazard_pointer,insert,388969979904 KB,388969979904 KB,0 KB
lockfree_list,hazard_pointer,insert,388969979904 KB,388969979904 KB,0 KB
lockfree_list,hazard_pointer,insert,388969979904 KB,388969979904 KB,0 KB
lockfree_list,hazard_pointer,insert,388969979904 KB,388969979904 KB,0 KB
lockfree_list,hazard_pointer,insert,388969979904 KB,388969979904 KB,0 KB
lockfree_list,hazard_pointer,insert,388969979904 KB,388969979904 KB,0 KB
lockfree_list,hazard_pointer,insert,388969979904 KB,388969979904 KB,0 KB
lockfree_list,hazard_pointer,insert,388969979904 KB,388969979904 KB,0 KB
lockfree_list,hazard_pointer,insert,388969979904 KB,388969979904 KB,0 KB
lockfree_list,hazard_pointer,insert,388969979904 KB,388969979904 KB,0 KB
lockfree_list,hazard_pointer,insert,388969979904 KB,388969979904 KB,0 KB
lockfree_list,hazard_pointer,insert,388969979904 KB,388969979904 KB,0 KB
lockfree_list,hazard_pointer,insert,388969979904 KB,388969979904 KB,0 KB
lockfree_list,hazard_pointer,insert,388969979904 KB,388969979904 KB,0 KB
lockfree_list,hazard_pointer,insert,388969979904 KB,388969979904 KB,0 KB
lockfree_list,hazard_pointer,insert,388969979904 KB,388969979904 KB,0 KB
lockfree_list,hazard_pointer,insert,388969979904 KB,388969979904 KB,0 KB
lockfree_list,hazard_pointer,insert,388969979904 KB,388969783296 KB,-196608 KB
lockfree_list,hazard_pointer,insert,388969783296 KB,388969791488 KB,8192 KB
lockfree_list,hazard_pointer,insert,388969791488 KB,388969791488 KB,0 KB
lockfree_list,hazard_pointer,insert,388969791488 KB,388969791488 KB,0 KB
lockfree_list,hazard_pointer,insert,388969791488 KB,388969791488 KB,0 KB
lockfree_list,hazard_pointer,insert,388969791488 KB,388970086400 KB,294912 KB
lockfree_list,hazard_pointer,insert,388970086400 KB,388970086400 KB,0 KB
lockfree_list,hazard_pointer,insert,388970086400 KB,388970086400 KB,0 KB
lockfree_list,hazard_pointer,insert,388970086400 KB,388970086400 KB,0 KB
lockfree_list,hazard_pointer,insert,388970086400 KB,388970086400 KB,0 KB
lockfree_list,hazard_pointer,insert,388970086400 KB,388970086400 KB,0 KB
lockfree_list,hazard_pointer,insert,388970086400 KB,388970344448 KB,258048 KB
lockfree_list,hazard_pointer,insert,388970344448 KB,388970627072 KB,282624 KB
lockfree_list,hazard_pointer,insert,388970627072 KB,388975595520 KB,4968448 KB
lockfree_list,hazard_pointer,insert,388975595520 KB,388977008640 KB,1413120 KB
lockfree_list,hazard_pointer,insert,388977008640 KB,388995108864 KB,18100224 KB
lockfree_list,hazard_pointer,insert,388995108864 KB,388995108864 KB,0 KB
lockfree_list,hazard_pointer,insert,388995108864 KB,388995108864 KB,0 KB
lockfree_list,hazard_pointer,insert,388995108864 KB,388995108864 KB,0 KB
lockfree_list,hazard_pointer,insert,388995108864 KB,388995108864 KB,0 KB
lockfree_list,hazard_pointer,insert,388995108864 KB,388995108864 KB,0 KB
lockfree_list,hazard_pointer,insert,388995108864 KB,388995366912 KB,258048 KB
lockfree_list,hazard_pointer,insert,388995366912 KB,388996145152 KB,778240 KB
lockfree_list,hazard_pointer,insert,388996145152 KB,388996431872 KB,286720 KB
lockfree_list,hazard_pointer,insert,388996431872 KB,388996173824 KB,-258048 KB
lockfree_list,hazard_pointer,insert,388996173824 KB,388996173824 KB,0 KB
lockfree_list,hazard_pointer,insert,388996173824 KB,388996431872 KB,258048 KB
lockfree_list,hazard_pointer,insert,388996431872 KB,388996431872 KB,0 KB
lockfree_list,hazard_pointer,insert,388996431872 KB,388996431872 KB,0 KB
lockfree_list,hazard_pointer,insert,388996431872 KB,388995915776 KB,-516096 KB
lockfree_list,hazard_pointer,insert,388995915776 KB,388995657728 KB,-258048 KB
lockfree_list,hazard_pointer,insert,388995657728 KB,388995657728 KB,0 KB
lockfree_list,hazard_pointer,insert,388995657728 KB,388995657728 KB,0 KB
lockfree_list,hazard_pointer,insert,388995657728 KB,388996173824 KB,516096 KB
lockfree_list,hazard_pointer,insert,388996173824 KB,388995661824 KB,-512000 KB
lockfree_list,hazard_pointer,insert,388995661824 KB,388995919872 KB,258048 KB
lockfree_list,hazard_pointer,insert,388995919872 KB,388995919872 KB,0 KB
lockfree_list,hazard_pointer,insert,388995919872 KB,388996177920 KB,258048 KB
lockfree_list,hazard_pointer,insert,388996177920 KB,388996177920 KB,0 KB
lockfree_list,hazard_pointer,insert,388996177920 KB,388996177920 KB,0 KB
lockfree_list,hazard_pointer,insert,388996177920 KB,388996177920 KB,0 KB
lockfree_list,hazard_pointer,insert,388996177920 KB,388996177920 KB,0 KB
lockfree_list,hazard_pointer,insert,388996177920 KB,388996435968 KB,258048 KB
lockfree_list,hazard_pointer,insert,388996435968 KB,388996694016 KB,258048 KB
lockfree_list,hazard_pointer,insert,388996694016 KB,388996694016 KB,0 KB
lockfree_list,hazard_pointer,insert,388996694016 KB,388996694016 KB,0 KB
lockfree_list,hazard_pointer,insert,388996694016 KB,388996694016 KB,0 KB
lockfree_list,hazard_pointer,insert,388996694016 KB,388996694016 KB,0 KB
lockfree_list,hazard_pointer,insert,388996694016 KB,388996694016 KB,0 KB
lockfree_list,hazard_pointer,insert,388996694016 KB,388996177920 KB,-516096 KB
lockfree_list,hazard_pointer,insert,388996177920 KB,388996952064 KB,774144 KB
lockfree_list,hazard_pointer,insert,388996952064 KB,389000114176 KB,3162112 KB
lockfree_list,hazard_pointer,insert,389000114176 KB,388999856128 KB,-258048 KB
lockfree_list,hazard_pointer,insert,388999856128 KB,388999856128 KB,0 KB
lockfree_list,hazard_pointer,insert,388999856128 KB,388999856128 KB,0 KB
lockfree_list,hazard_pointer,insert,388999856128 KB,388999602176 KB,-253952 KB
lockfree_list,hazard_pointer,insert,388999602176 KB,388999602176 KB,0 KB
lockfree_list,hazard_pointer,insert,388999602176 KB,388999602176 KB,0 KB
lockfree_list,hazard_pointer,insert,388999602176 KB,388999602176 KB,0 KB
lockfree_list,hazard_pointer,insert,388999602176 KB,388999602176 KB,0 KB
lockfree_list,hazard_pointer,insert,388999602176 KB,388999602176 KB,0 KB
lockfree_list,hazard_pointer,insert,388999602176 KB,388999602176 KB,0 KB
lockfree_list,hazard_pointer,insert,388999602176 KB,388999602176 KB,0 KB
lockfree_list,hazard_pointer,insert,388999602176 KB,388999602176 KB,0 KB
lockfree_list,hazard_pointer,insert,388999602176 KB,388999602176 KB,0 KB
lockfree_list,hazard_pointer,insert,388999602176 KB,388999602176 KB,0 KB
lockfree_list,hazard_pointer,insert,388999602176 KB,389000376320 KB,774144 KB
lockfree_list,hazard_pointer,insert,389000376320 KB,389000044544 KB,-331776 KB
lockfree_list,hazard_pointer,insert,389000044544 KB,388999786496 KB,-258048 KB
lockfree_list,hazard_pointer,insert,388999786496 KB,388999786496 KB,0 KB
lockfree_list,hazard_pointer,insert,388999786496 KB,388999786496 KB,0 KB
lockfree_list,hazard_pointer,insert,388999786496 KB,388999786496 KB,0 KB
lockfree_list,hazard_pointer,insert,388999786496 KB,389000044544 KB,258048 KB
lockfree_list,hazard_pointer,insert,389000044544 KB,389000044544 KB,0 KB
lockfree_list,hazard_pointer,insert,389000044544 KB,389000044544 KB,0 KB
lockfree_list,hazard_pointer,insert,389000044544 KB,389000044544 KB,0 KB
lockfree_list,hazard_pointer,insert,389000044544 KB,389000044544 KB,0 KB
lockfree_list,hazard_pointer,insert,389000044544 KB,389000560640 KB,516096 KB
lockfree_list,hazard_pointer,insert,389000560640 KB,389000560640 KB,0 KB
lockfree_list,hazard_pointer,insert,389000560640 KB,389000560640 KB,0 KB
lockfree_list,hazard_pointer,insert,389000560640 KB,389000560640 KB,0 KB
lockfree_list,hazard_pointer,insert,389000560640 KB,389000818688 KB,258048 KB
lockfree_list,hazard_pointer,insert,389000818688 KB,389001375744 KB,557056 KB
lockfree_list,hazard_pointer,insert,389001375744 KB,389001482240 KB,106496 KB
lockfree_list,hazard_pointer,insert,389001482240 KB,389001740288 KB,258048 KB
lockfree_list,hazard_pointer,insert,389001740288 KB,389001998336 KB,258048 KB
lockfree_list,hazard_pointer,insert,389001998336 KB,389001998336 KB,0 KB
lockfree_list,hazard_pointer,insert,389001998336 KB,389001998336 KB,0 KB
lockfree_list,hazard_pointer,insert,389001998336 KB,389002031104 KB,32768 KB
lockfree_list,hazard_pointer,insert,389002031104 KB,389002031104 KB,0 KB
lockfree_list,hazard_pointer,insert,389002031104 KB,389002031104 KB,0 KB
lockfree_list,hazard_pointer,insert,389002031104 KB,389002031104 KB,0 KB
lockfree_list,hazard_pointer,insert,389002031104 KB,389002031104 KB,0 KB
lockfree_list,hazard_pointer,insert,389002031104 KB,389002031104 KB,0 KB
lockfree_list,hazard_pointer,insert,389002031104 KB,389002031104 KB,0 KB
lockfree_list,hazard_pointer,insert,389002031104 KB,389002031104 KB,0 KB
lockfree_list,hazard_pointer,insert,389002031104 KB,389002805248 KB,774144 KB
lockfree_list,hazard_pointer,insert,389002805248 KB,389002805248 KB,0 KB
lockfree_list,hazard_pointer,insert,389002805248 KB,389002805248 KB,0 KB
lockfree_list,hazard_pointer,insert,389002805248 KB,389002805248 KB,0 KB
lockfree_list,hazard_pointer,insert,389002805248 KB,389003587584 KB,782336 KB
lockfree_list,hazard_pointer,insert,389003587584 KB,389003587584 KB,0 KB
lockfree_list,hazard_pointer,insert,389003587584 KB,389003329536 KB,-258048 KB
lockfree_list,hazard_pointer,insert,389003329536 KB,389003329536 KB,0 KB
lockfree_list,hazard_pointer,insert,389003329536 KB,389003329536 KB,0 KB
lockfree_list,hazard_pointer,insert,389003329536 KB,389003329536 KB,0 KB
lockfree_list,hazard_pointer,insert,389003329536 KB,389003071488 KB,-258048 KB
lockfree_list,hazard_pointer,insert,389003071488 KB,389003329536 KB,258048 KB
lockfree_list,hazard_pointer,insert,389003329536 KB,389003587584 KB,258048 KB
lockfree_list,hazard_pointer,insert,389003587584 KB,389003845632 KB,258048 KB
lockfree_list,hazard_pointer,insert,389003845632 KB,389004103680 KB,258048 KB
lockfree_list,hazard_pointer,insert,389004103680 KB,389004619776 KB,516096 KB
lockfree_list,hazard_pointer,insert,389004619776 KB,389004619776 KB,0 KB
lockfree_list,hazard_pointer,insert,389004619776 KB,389004619776 KB,0 KB
lockfree_list,hazard_pointer,insert,389004619776 KB,389004619776 KB,0 KB
lockfree_list,hazard_pointer,insert,389004619776 KB,389004877824 KB,258048 KB
lockfree_list,hazard_pointer,remove,389003771904 KB,389003771904 KB,0 KB
lockfree_list,hazard_pointer,remove,389003771904 KB,389003771904 KB,0 KB
lockfree_list,hazard_pointer,remove,389003771904 KB,389003771904 KB,0 KB
lockfree_list,hazard_pointer,remove,389003771904 KB,389003771904 KB,0 KB
lockfree_list,hazard_pointer,remove,389003771904 KB,389003771904 KB,0 KB
lockfree_list,hazard_pointer,remove,389003771904 KB,389003771904 KB,0 KB
lockfree_list,hazard_pointer,remove,389003771904 KB,389003771904 KB,0 KB
lockfree_list,hazard_pointer,remove,389003771904 KB,389003771904 KB,0 KB
lockfree_list,hazard_pointer,remove,389003771904 KB,389003771904 KB,0 KB
lockfree_list,hazard_pointer,remove,389003771904 KB,389003771904 KB,0 KB
lockfree_list,hazard_pointer,remove,389003771904 KB,389003771904 KB,0 KB
lockfree_list,hazard_pointer,remove,389003771904 KB,389003771904 KB,0 KB
lockfree_list,hazard_pointer,remove,389003771904 KB,389003771904 KB,0 KB
lockfree_list,hazard_pointer,remove,389003771904 KB,389003771904 KB,0 KB
lockfree_list,hazard_pointer,remove,389003771904 KB,389003771904 KB,0 KB
lockfree_list,hazard_pointer,remove,389003771904 KB,389003735040 KB,-36864 KB
lockfree_list,hazard_pointer,remove,389003735040 KB,389003694080 KB,-40960 KB
lockfree_list,hazard_pointer,remove,389003694080 KB,389004210176 KB,516096 KB
lockfree_list,hazard_pointer,remove,389004210176 KB,389004210176 KB,0 KB
lockfree_list,hazard_pointer,remove,389004210176 KB,389004468224 KB,258048 KB
lockfree_list,hazard_pointer,remove,389004468224 KB,389004742656 KB,274432 KB
lockfree_list,hazard_pointer,remove,389004742656 KB,389004742656 KB,0 KB
lockfree_list,hazard_pointer,remove,389004742656 KB,389004742656 KB,0 KB
lockfree_list,hazard_pointer,remove,389004742656 KB,389004742656 KB,0 KB
lockfree_list,hazard_pointer,remove,389004742656 KB,389004742656 KB,0 KB
lockfree_list,hazard_pointer,remove,389004742656 KB,389004742656 KB,0 KB
lockfree_list,hazard_pointer,remove,389004742656 KB,389004742656 KB,0 KB
lockfree_list,hazard_pointer,remove,389004742656 KB,389004742656 KB,0 KB
lockfree_list,hazard_pointer,remove,389004742656 KB,389003968512 KB,-774144 KB
lockfree_list,hazard_pointer,remove,389003968512 KB,389003968512 KB,0 KB
lockfree_list,hazard_pointer,remove,389003968512 KB,389003968512 KB,0 KB
lockfree_list,hazard_pointer,remove,389003968512 KB,389005107200 KB,1138688 KB
lockfree_list,hazard_pointer,remove,389005107200 KB,389008068608 KB,2961408 KB
lockfree_list,hazard_pointer,remove,389008068608 KB,389008068608 KB,0 KB
lockfree_list,hazard_pointer,remove,389008068608 KB,389008068608 KB,0 KB
lockfree_list,hazard_pointer,remove,389008068608 KB,389008068608 KB,0 KB
lockfree_list,hazard_pointer,remove,389008068608 KB,389008326656 KB,258048 KB
lockfree_list,hazard_pointer,remove,389008326656 KB,389008326656 KB,0 KB
lockfree_list,hazard_pointer,remove,389008326656 KB,389008326656 KB,0 KB
lockfree_list,hazard_pointer,remove,389008326656 KB,389008326656 KB,0 KB
lockfree_list,hazard_pointer,remove,389008326656 KB,389008326656 KB,0 KB
lockfree_list,hazard_pointer,remove,389008326656 KB,389008326656 KB,0 KB
lockfree_list,hazard_pointer,remove,389008326656 KB,389008326656 KB,0 KB
lockfree_list,hazard_pointer,remove,389008326656 KB,389008326656 KB,0 KB
lockfree_list,hazard_pointer,remove,389008326656 KB,389008326656 KB,0 KB
lockfree_list,hazard_pointer,remove,389008326656 KB,389008326656 KB,0 KB
lockfree_list,hazard_pointer,remove,389008326656 KB,389008326656 KB,0 KB
lockfree_list,hazard_pointer,remove,389008326656 KB,389008326656 KB,0 KB
lockfree_list,hazard_pointer,remove,389008326656 KB,389008326656 KB,0 KB
lockfree_list,hazard_pointer,remove,389008326656 KB,389008326656 KB,0 KB
lockfree_list,hazard_pointer,remove,389008326656 KB,389008326656 KB,0 KB
lockfree_list,hazard_pointer,remove,389008326656 KB,389008326656 KB,0 KB
lockfree_list,hazard_pointer,remove,389008326656 KB,389008326656 KB,0 KB
lockfree_list,hazard_pointer,remove,389008326656 KB,389008326656 KB,0 KB
lockfree_list,hazard_pointer,remove,389008326656 KB,389008326656 KB,0 KB
lockfree_list,hazard_pointer,remove,389008326656 KB,389008326656 KB,0 KB
lockfree_list,hazard_pointer,remove,389008326656 KB,389008326656 KB,0 KB
lockfree_list,hazard_pointer,remove,389008326656 KB,389008326656 KB,0 KB
lockfree_list,hazard_pointer,remove,389008326656 KB,389008326656 KB,0 KB
lockfree_list,hazard_pointer,remove,389008326656 KB,389008326656 KB,0 KB
lockfree_list,hazard_pointer,remove,389008326656 KB,389008326656 KB,0 KB
lockfree_list,hazard_pointer,remove,389008326656 KB,389008326656 KB,0 KB
lockfree_list,hazard_pointer,remove,389008326656 KB,389008326656 KB,0 KB
lockfree_list,hazard_pointer,remove,389008326656 KB,389008326656 KB,0 KB
lockfree_list,hazard_pointer,remove,389008326656 KB,389008326656 KB,0 KB
lockfree_list,hazard_pointer,remove,389008326656 KB,389009100800 KB,774144 KB
lockfree_list,hazard_pointer,remove,389009100800 KB,389009358848 KB,258048 KB
lockfree_list,hazard_pointer,remove,389009358848 KB,389009358848 KB,0 KB
lockfree_list,hazard_pointer,remove,389009358848 KB,389009358848 KB,0 KB
lockfree_list,hazard_pointer,remove,389009358848 KB,389009358848 KB,0 KB
lockfree_list,hazard_pointer,remove,389009358848 KB,389009129472 KB,-229376 KB
lockfree_list,hazard_pointer,remove,389009129472 KB,389009129472 KB,0 KB
lockfree_list,hazard_pointer,remove,389009129472 KB,389009129472 KB,0 KB
lockfree_list,hazard_pointer,remove,389009129472 KB,389009129472 KB,0 KB
lockfree_list,hazard_pointer,remove,389009129472 KB,389009129472 KB,0 KB
lockfree_list,hazard_pointer,remove,389009129472 KB,389009129472 KB,0 KB
lockfree_list,hazard_pointer,remove,389009129472 KB,389009129472 KB,0 KB
lockfree_list,hazard_pointer,remove,389009129472 KB,389009129472 KB,0 KB
lockfree_list,hazard_pointer,remove,389009129472 KB,389009129472 KB,0 KB
lockfree_list,hazard_pointer,remove,389009129472 KB,389009129472 KB,0 KB
lockfree_list,hazard_pointer,remove,389009129472 KB,389009129472 KB,0 KB
lockfree_list,hazard_pointer,remove,389009129472 KB,389009129472 KB,0 KB
lockfree_list,hazard_pointer,remove,389009129472 KB,389009129472 KB,0 KB
lockfree_list,hazard_pointer,remove,389009129472 KB,389009387520 KB,258048 KB
lockfree_list,hazard_pointer,remove,389009387520 KB,389009387520 KB,0 KB
lockfree_list,hazard_pointer,remove,389009387520 KB,389009387520 KB,0 KB
lockfree_list,hazard_pointer,remove,389009387520 KB,389009645568 KB,258048 KB
lockfree_list,hazard_pointer,remove,389009645568 KB,389010677760 KB,1032192 KB
lockfree_list,hazard_pointer,remove,389010677760 KB,389010677760 KB,0 KB
lockfree_list,hazard_pointer,remove,389010677760 KB,389012230144 KB,1552384 KB
lockfree_list,hazard_pointer,remove,389012230144 KB,389011460096 KB,-770048 KB
lockfree_list,hazard_pointer,remove,389011460096 KB,389011460096 KB,0 KB
lockfree_list,hazard_pointer,remove,389011460096 KB,389011976192 KB,516096 KB
lockfree_list,hazard_pointer,remove,389011976192 KB,389012234240 KB,258048 KB
lockfree_list,hazard_pointer,remove,389012234240 KB,389012234240 KB,0 KB
lockfree_list,hazard_pointer,remove,389012234240 KB,389012234240 KB,0 KB
lockfree_list,hazard_pointer,remove,389012234240 KB,389012234240 KB,0 KB
lockfree_list,hazard_pointer,remove,389012234240 KB,389012234240 KB,0 KB
lockfree_list,hazard_pointer,remove,389012234240 KB,389012234240 KB,0 KB
lockfree_list,hazard_pointer,remove,389012234240 KB,389012586496 KB,352256 KB
lockfree_list,hazard_pointer,remove,389012586496 KB,389012328448 KB,-258048 KB
lockfree_list,hazard_pointer,remove,389012328448 KB,389012328448 KB,0 KB
lockfree_list,hazard_pointer,remove,389012328448 KB,389012586496 KB,258048 KB
lockfree_list,hazard_pointer,remove,389012586496 KB,389013893120 KB,1306624 KB
lockfree_list,hazard_pointer,remove,389013893120 KB,389014409216 KB,516096 KB
lockfree_list,hazard_pointer,remove,389014409216 KB,389014695936 KB,286720 KB
lockfree_list,hazard_pointer,remove,389014695936 KB,389014179840 KB,-516096 KB
lockfree_list,hazard_pointer,remove,389014179840 KB,389014179840 KB,0 KB
lockfree_list,hazard_pointer,remove,389014179840 KB,389014179840 KB,0 KB
lockfree_list,hazard_pointer,remove,389014179840 KB,389014179840 KB,0 KB
lockfree_list,hazard_pointer,remove,389014179840 KB,389014179840 KB,0 KB
lockfree_list,hazard_pointer,remove,389014179840 KB,389014179840 KB,0 KB
lockfree_list,hazard_pointer,remove,389014179840 KB,389014179840 KB,0 KB
lockfree_list,hazard_pointer,remove,389014179840 KB,389014179840 KB,0 KB
lockfree_list,hazard_pointer,remove,389014179840 KB,389014478848 KB,299008 KB
lockfree_list,hazard_pointer,remove,389014478848 KB,389015252992 KB,774144 KB
lockfree_list,hazard_pointer,remove,389015252992 KB,389015511040 KB,258048 KB
lockfree_list,hazard_pointer,remove,389015511040 KB,389015511040 KB,0 KB
lockfree_list,hazard_pointer,remove,389015511040 KB,389015511040 KB,0 KB
lockfree_list,hazard_pointer,remove,389015511040 KB,389015769088 KB,258048 KB
lockfree_list,hazard_pointer,remove,389015769088 KB,389015769088 KB,0 KB
lockfree_list,hazard_pointer,remove,389015769088 KB,389015769088 KB,0 KB
lockfree_list,hazard_pointer,remove,389015769088 KB,389015769088 KB,0 KB
lockfree_list,hazard_pointer,remove,389015769088 KB,389015769088 KB,0 KB
lockfree_list,hazard_pointer,remove,389015769088 KB,389016027136 KB,258048 KB
lockfree_list,hazard_pointer,remove,389016027136 KB,389016285184 KB,258048 KB
lockfree_list,hazard_pointer,remove,389016285184 KB,389016801280 KB,516096 KB
lockfree_list,hazard_pointer,remove,389016801280 KB,389017317376 KB,516096 KB
lockfree_list,hazard_pointer,remove,389017317376 KB,389017317376 KB,0 KB
lockfree_list,hazard_pointer,remove,389017317376 KB,389017317376 KB,0 KB
lockfree_list,hazard_pointer,remove,389017317376 KB,389017317376 KB,0 KB
lockfree_list,hazard_pointer,remove,389017317376 KB,389017317376 KB,0 KB
lockfree_list,hazard_pointer,remove,389017317376 KB,389017575424 KB,258048 KB
